velocidade_linear,velocidade_angular,acceleração_linear,acceleração_angular,tempo
0.0,0.0,0,0,10:38:27
0.0,0.0,0,0,10:38:27
0.0,0.0,0,0,10:38:27
0.0,0.0,0,0,10:38:27
0.0,0.0,0,0,10:38:27
0.0,0.0,0,0,10:38:27
0.0,0.0,0,0,10:38:27
0.0,0.0,0,0,10:38:27
0.0,0.0,0,0,10:38:27
0.0,0.0,0,0,10:38:27
0.0,0.0,0,0,10:38:27
0.0,0.0,0,0,10:38:27
0.0,0.0,0,0,10:38:27
0.0,0.0,0,0,10:38:27
0.0,0.0,0,0,10:38:27
0.0,0.0,0,0,10:38:27
0.0,0.0,0,0,10:38:27
0.0,0.0,0,0,10:38:27
0.0,0.0,0,0,10:38:27
0.0,0.0,0,0,10:38:27
0.0,0.0,0,0,10:38:27
0.0,0.0,0,0,10:38:27
0.0,0.0,0,0,10:38:27
0.0,0.0,0,0,10:38:27
0.0,0.0,0,0,10:38:27
0.0,0.0,0,0,10:38:28
0.0,0.0,0,0,10:38:28
0.0,0.0,0,0,10:38:28
0.0,0.0,0,0,10:38:28
0.0,0.0,0,0,10:38:28
0.0,0.0,0,0,10:38:28
0.0,0.0,0,0,10:38:28
0.0,0.0,0,0,10:38:28
0.0,0.0,0,0,10:38:28
0.0,0.0,0,0,10:38:28
0.0,0.0,0,0,10:38:28
0.0,0.0,0,0,10:38:28
0.0,0.0,0,0,10:38:28
0.0,0.0,0,0,10:38:28
0.0,0.0,0,0,10:38:28
0.0,0.0,0,0,10:38:28
0.0,0.0,0,0,10:38:28
0.0,0.0,0,0,10:38:28
0.0,0.0,0,0,10:38:28
0.0,0.0,0,0,10:38:28
0.0,0.0,0,0,10:38:28
0.0,0.0,0,0,10:38:28
0.0,0.0,0,0,10:38:28
0.0,0.0,0,0,10:38:28
0.0,0.0,0,0,10:38:28
0.0,0.0,0,0,10:38:28
0.0,0.0,0,0,10:38:28
0.0,0.0,0,0,10:38:28
0.0,0.0,0,0,10:38:28
0.0,0.0,0,0,10:38:28
0.0,0.0,0,0,10:38:28
0.0,0.0,0,0,10:38:28
0.0,0.0,0,0,10:38:28
0.0,0.0,0,0,10:38:28
0.0,0.0,0,0,10:38:28
0.0,0.0,0,0,10:38:28
0.0,0.0,0,0,10:38:28
0.0,0.0,0,0,10:38:28
0.0,0.0,0,0,10:38:28
0.0,0.0,0,0,10:38:28
0.0,0.0,0,0,10:38:28
0.0,0.0,0,0,10:38:28
0.0,0.0,0,0,10:38:28
0.0,0.0,0,0,10:38:28
0.0,0.0,0,0,10:38:28
0.0,0.0,0,0,10:38:28
0.0,0.0,0,0,10:38:28
0.0,0.0,0,0,10:38:28
0.0,0.0,0,0,10:38:28
0.0,0.0,0,0,10:38:28
0.0,0.0,0,0,10:38:28
0.0,0.0,0,0,10:38:28
0.0,0.0,0,0,10:38:28
0.0,0.0,0,0,10:38:28
0.0,0.0,0,0,10:38:28
0.0,0.0,0,0,10:38:28
0.0,0.0,0,0,10:38:28
0.0,0.0,0,0,10:38:28
0.0,0.0,0,0,10:38:28
0.0,0.0,0,0,10:38:28
0.0,0.0,0,0,10:38:28
0.0,0.0,0,0,10:38:28
0.0,0.0,0,0,10:38:29
0.0,0.0,0,0,10:38:29
0.0,0.0,0,0,10:38:29
0.0,0.0,0,0,10:38:29
0.0,0.0,0,0,10:38:29
0.0,0.0,0,0,10:38:29
0.0,0.0,0,0,10:38:29
0.0,0.0,0,0,10:38:29
0.0,0.0,0,0,10:38:29
0.0,0.0,0,0,10:38:29
0.0,0.0,0,0,10:38:29
0.0,0.0,0,0,10:38:29
0.0,0.0,0,0,10:38:29
0.0,0.0,0,0,10:38:29
0.0,0.0,0,0,10:38:29
0.0,0.0,0,0,10:38:29
0.0,0.0,0,0,10:38:29
0.0,0.0,0,0,10:38:29
0.0,0.0,0,0,10:38:29
0.0,0.0,0,0,10:38:29
0.0,0.0,0,0,10:38:29
0.0,0.0,0,0,10:38:29
0.0,0.0,0,0,10:38:29
0.0,0.0,0,0,10:38:29
0.0,0.0,0,0,10:38:29
0.0,0.0,0,0,10:38:29
0.0,0.0,0,0,10:38:29
0.0,0.0,0,0,10:38:29
0.0,0.0,0,0,10:38:29
0.0,0.0,0,0,10:38:29
0.0,0.0,0,0,10:38:29
0.0,0.0,0,0,10:38:29
0.0,0.0,0,0,10:38:29
0.0,0.0,0,0,10:38:29
0.0,0.0,0,0,10:38:29
0.0,0.0,0,0,10:38:29
0.0,0.0,0,0,10:38:29
0.0,0.0,0,0,10:38:29
0.0,0.0,0,0,10:38:29
0.0,0.0,0,0,10:38:29
0.0,0.0,0,0,10:38:29
0.0,0.0,0,0,10:38:29
0.0,0.0,0,0,10:38:29
0.0,0.0,0,0,10:38:29
0.0,0.0,0,0,10:38:29
0.0,0.0,0,0,10:38:29
0.0,0.0,0,0,10:38:29
0.0,0.0,0,0,10:38:29
0.0,0.0,0,0,10:38:29
0.0,0.0,0,0,10:38:29
0.0,0.0,0,0,10:38:29
0.0,0.0,0,0,10:38:29
0.0,0.0,0,0,10:38:29
0.0,0.0,0,0,10:38:29
0.0,0.0,0,0,10:38:29
0.0,0.0,0,0,10:38:29
0.0,0.0,0,0,10:38:29
0.0,0.0,0,0,10:38:29
0.0,0.0,0,0,10:38:29
0.0,0.0,0,0,10:38:29
0.0,0.0,0,0,10:38:29
0.0,0.0,0,0,10:38:29
0.0,0.0,0,0,10:38:29
0.0,0.0,0,0,10:38:30
0.0,0.0,0,0,10:38:30
0.0,0.0,0,0,10:38:30
0.0,0.0,0,0,10:38:30
0.0,0.0,0,0,10:38:30
0.0,0.0,0,0,10:38:30
0.0,0.0,0,0,10:38:30
0.0,0.0,0,0,10:38:30
0.0,0.0,0,0,10:38:30
0.0,0.0,0,0,10:38:30
0.0,0.0,0,0,10:38:30
0.0,0.0,0,0,10:38:30
0.0,0.0,0,0,10:38:30
0.0,0.0,0,0,10:38:30
0.0,0.0,0,0,10:38:30
0.0,0.0,0,0,10:38:30
0.0,0.0,0,0,10:38:30
0.0,0.0,0,0,10:38:30
0.0,0.0,0,0,10:38:30
0.0,0.0,0,0,10:38:30
0.0,0.0,0,0,10:38:30
0.0,0.0,0,0,10:38:30
0.0,0.0,0,0,10:38:30
0.0,0.0,0,0,10:38:30
0.0,0.0,0,0,10:38:30
0.0,0.0,0,0,10:38:30
0.0,0.0,0,0,10:38:30
0.0,0.0,0,0,10:38:30
0.0,0.0,0,0,10:38:30
0.0,0.0,0,0,10:38:30
0.0,0.0,0,0,10:38:30
0.0,0.0,0,0,10:38:30
0.0,0.0,0,0,10:38:30
0.0,0.0,0,0,10:38:30
0.0,0.0,0,0,10:38:30
0.0,0.0,0,0,10:38:30
0.0,0.0,0,0,10:38:30
0.0,0.0,0,0,10:38:30
0.0,0.0,0,0,10:38:30
0.0,0.0,0,0,10:38:30
0.0,0.0,0,0,10:38:30
0.0,0.0,0,0,10:38:30
0.0,0.0,0,0,10:38:30
0.0,0.0,0,0,10:38:30
0.0,0.0,0,0,10:38:30
0.0,0.0,0,0,10:38:30
0.0,0.0,0,0,10:38:30
0.0,0.0,0,0,10:38:30
0.0,0.0,0,0,10:38:30
0.0,0.0,0,0,10:38:30
0.0,0.0,0,0,10:38:30
0.0,0.0,0,0,10:38:30
0.0,0.0,0,0,10:38:30
0.0,0.0,0,0,10:38:30
0.0,0.0,0,0,10:38:30
0.0,0.0,0,0,10:38:30
0.0,0.0,0,0,10:38:30
0.0,0.0,0,0,10:38:30
0.0,0.0,0,0,10:38:30
0.0,0.0,0,0,10:38:30
0.0,0.0,0,0,10:38:30
0.0,0.0,0,0,10:38:30
0.0,0.0,0,0,10:38:31
0.0,0.0,0,0,10:38:31
0.0,0.0,0,0,10:38:31
0.0,0.0,0,0,10:38:31
0.0,0.0,0,0,10:38:31
0.0,0.0,0,0,10:38:31
0.0,0.0,0,0,10:38:31
0.0,0.0,0,0,10:38:31
0.0,0.0,0,0,10:38:31
0.0,0.0,0,0,10:38:31
0.0,0.0,0,0,10:38:31
0.0,0.0,0,0,10:38:31
0.0,0.0,0,0,10:38:31
0.0,0.0,0,0,10:38:31
0.0,0.0,0,0,10:38:31
0.0,0.0,0,0,10:38:31
0.0,0.0,0,0,10:38:31
0.0,0.0,0,0,10:38:31
0.0,0.0,0,0,10:38:31
0.0,0.0,0,0,10:38:31
0.0,0.0,0,0,10:38:31
0.0,0.0,0,0,10:38:31
0.0,0.0,0,0,10:38:31
0.0,0.0,0,0,10:38:31
0.0,0.0,0,0,10:38:31
0.0,0.0,0,0,10:38:31
0.0,0.0,0,0,10:38:31
0.0,0.0,0,0,10:38:31
0.0,0.0,0,0,10:38:31
0.0,0.0,0,0,10:38:31
0.0,0.0,0,0,10:38:31
0.0,0.0,0,0,10:38:31
0.0,0.0,0,0,10:38:31
0.0,0.0,0,0,10:38:31
0.0,0.0,0,0,10:38:31
0.0,0.0,0,0,10:38:31
0.0,0.0,0,0,10:38:31
0.0,0.0,0,0,10:38:31
0.0,0.0,0,0,10:38:31
0.0,0.0,0,0,10:38:31
0.0,0.0,0,0,10:38:31
0.0,0.0,0,0,10:38:31
0.0,0.0,0,0,10:38:31
0.0,0.0,0,0,10:38:31
0.0,0.0,0,0,10:38:31
0.0,0.0,0,0,10:38:31
0.0,0.0,0,0,10:38:31
0.0,0.0,0,0,10:38:31
0.0,0.0,0,0,10:38:31
0.0,0.0,0,0,10:38:31
0.0,0.0,0,0,10:38:31
0.0,0.0,0,0,10:38:31
0.0,0.0,0,0,10:38:31
0.0,0.0,0,0,10:38:31
0.0,0.0,0,0,10:38:31
0.0,0.0,0,0,10:38:31
0.0,0.0,0,0,10:38:31
0.0,0.0,0,0,10:38:31
0.0,0.0,0,0,10:38:31
0.0,0.0,0,0,10:38:31
0.0,0.0,0,0,10:38:31
0.0,0.0,0,0,10:38:31
0.0,0.0,0,0,10:38:31
0.0,0.0,0,0,10:38:32
0.0,0.0,0,0,10:38:32
0.0,0.0,0,0,10:38:32
0.0,0.0,0,0,10:38:32
0.0,0.0,0,0,10:38:32
0.0,0.0,0,0,10:38:32
0.0,0.0,0,0,10:38:32
0.0,0.0,0,0,10:38:32
0.0,0.0,0,0,10:38:32
0.0,0.0,0,0,10:38:32
0.0,0.0,0,0,10:38:32
0.0,0.0,0,0,10:38:32
0.0,0.0,0,0,10:38:32
0.0,0.0,0,0,10:38:32
0.0,0.0,0,0,10:38:32
0.0,0.0,0,0,10:38:32
0.0,0.0,0,0,10:38:32
0.0,0.0,0,0,10:38:32
0.0,0.0,0,0,10:38:32
0.0,0.0,0,0,10:38:32
0.0,0.0,0,0,10:38:32
0.0,0.0,0,0,10:38:32
0.0,0.0,0,0,10:38:32
0.0,0.0,0,0,10:38:32
0.0,0.0,0,0,10:38:32
0.0,0.0,0,0,10:38:32
0.0,0.0,0,0,10:38:32
0.0,0.0,0,0,10:38:32
0.0,0.0,0,0,10:38:32
0.0,0.0,0,0,10:38:32
0.0,0.0,0,0,10:38:32
0.0,0.0,0,0,10:38:32
0.0,0.0,0,0,10:38:32
0.0,0.0,0,0,10:38:32
0.0,0.0,0,0,10:38:32
0.0,0.0,0,0,10:38:32
0.0,0.0,0,0,10:38:32
0.0,0.0,0,0,10:38:32
0.0,0.0,0,0,10:38:32
0.0,0.0,0,0,10:38:32
0.0,0.0,0,0,10:38:32
0.0,0.0,0,0,10:38:32
0.0,0.0,0,0,10:38:32
0.0,0.0,0,0,10:38:32
0.0,0.0,0,0,10:38:32
0.0,0.0,0,0,10:38:32
0.0,0.0,0,0,10:38:32
0.0,0.0,0,0,10:38:32
0.0,0.0,0,0,10:38:32
0.0,0.0,0,0,10:38:32
0.0,0.0,0,0,10:38:32
0.0,0.0,0,0,10:38:32
0.0,0.0,0,0,10:38:32
0.0,0.0,0,0,10:38:32
0.0,0.0,0,0,10:38:32
0.0,0.0,0,0,10:38:32
0.0,0.0,0,0,10:38:32
0.0,0.0,0,0,10:38:32
0.0,0.0,0,0,10:38:32
0.0,0.0,0,0,10:38:32
0.0,0.0,0,0,10:38:32
0.0,0.0,0,0,10:38:32
0.0,0.0,0,0,10:38:33
0.0,0.0,0,0,10:38:33
0.0,0.0,0,0,10:38:33
0.0,0.0,0,0,10:38:33
0.0,0.0,0,0,10:38:33
0.0,0.0,0,0,10:38:33
0.0,0.0,0,0,10:38:33
0.0,0.0,0,0,10:38:33
0.0,0.0,0,0,10:38:33
0.0,0.0,0,0,10:38:33
0.0,0.0,0,0,10:38:33
0.0,0.0,0,0,10:38:33
0.0,0.0,0,0,10:38:33
0.0,0.0,0,0,10:38:33
0.0,0.0,0,0,10:38:33
0.0,0.0,0,0,10:38:33
0.0,0.0,0,0,10:38:33
0.0,0.0,0,0,10:38:33
0.0,0.0,0,0,10:38:33
0.0,0.0,0,0,10:38:33
0.0,0.0,0,0,10:38:33
0.0,0.0,0,0,10:38:33
0.0,0.0,0,0,10:38:33
0.0,0.0,0,0,10:38:33
0.0,0.0,0,0,10:38:33
0.0,0.0,0,0,10:38:33
0.0,0.0,0,0,10:38:33
0.0,0.0,0,0,10:38:33
0.0,0.0,0,0,10:38:33
0.0,0.0,0,0,10:38:33
0.0,0.0,0,0,10:38:33
0.0,0.0,0,0,10:38:33
0.0,0.0,0,0,10:38:33
0.0,0.0,0,0,10:38:33
0.0,0.0,0,0,10:38:33
0.0,0.0,0,0,10:38:33
0.0,0.0,0,0,10:38:33
0.0,0.0,0,0,10:38:33
0.0,0.0,0,0,10:38:33
0.0,0.0,0,0,10:38:33
0.0,0.0,0,0,10:38:33
0.0,0.0,0,0,10:38:33
0.0,0.0,0,0,10:38:33
0.0,0.0,0,0,10:38:33
0.0,0.0,0,0,10:38:33
0.0,0.0,0,0,10:38:33
0.0,0.0,0,0,10:38:33
0.0,0.0,0,0,10:38:33
0.0,0.0,0,0,10:38:33
0.0,0.0,0,0,10:38:33
0.0,0.0,0,0,10:38:33
0.0,0.0,0,0,10:38:33
0.0,0.0,0,0,10:38:33
0.0,0.0,0,0,10:38:33
0.0,0.0,0,0,10:38:33
0.0,0.0,0,0,10:38:33
0.0,0.0,0,0,10:38:33
0.0,0.0,0,0,10:38:33
0.0,0.0,0,0,10:38:33
0.0,0.0,0,0,10:38:33
0.0,0.0,0,0,10:38:33
0.0,0.0,0,0,10:38:33
0.0,0.0,0,0,10:38:33
0.0,0.0,0,0,10:38:34
0.0,0.0,0,0,10:38:34
0.0,0.0,0,0,10:38:34
0.0,0.0,0,0,10:38:34
0.0,0.0,0,0,10:38:34
0.0,0.0,0,0,10:38:34
0.0,0.0,0,0,10:38:34
0.0,0.0,0,0,10:38:34
0.0,0.0,0,0,10:38:34
0.0,0.0,0,0,10:38:34
0.0,0.0,0,0,10:38:34
0.0,0.0,0,0,10:38:34
0.0,0.0,0,0,10:38:34
0.0,0.0,0,0,10:38:34
0.0,0.0,0,0,10:38:34
0.0,0.0,0,0,10:38:34
0.0,0.0,0,0,10:38:34
0.0,0.0,0,0,10:38:34
0.0,0.0,0,0,10:38:34
0.0,0.0,0,0,10:38:34
0.0,0.0,0,0,10:38:34
0.0,0.0,0,0,10:38:34
0.0,0.0,0,0,10:38:34
0.0,0.0,0,0,10:38:34
0.0,0.0,0,0,10:38:34
0.0,0.0,0,0,10:38:34
0.0,0.0,0,0,10:38:34
0.0,0.0,0,0,10:38:34
0.0,0.0,0,0,10:38:34
0.0,0.0,0,0,10:38:34
0.0,0.0,0,0,10:38:34
0.0,0.0,0,0,10:38:34
0.0,0.0,0,0,10:38:34
0.0,0.0,0,0,10:38:34
0.0,0.0,0,0,10:38:34
0.0,0.0,0,0,10:38:34
0.0,0.0,0,0,10:38:34
0.0,0.0,0,0,10:38:34
0.0,0.0,0,0,10:38:34
0.0,0.0,0,0,10:38:34
0.0,0.0,0,0,10:38:34
0.0,0.0,0,0,10:38:34
0.0,0.0,0,0,10:38:34
0.0,0.0,0,0,10:38:34
0.0,0.0,0,0,10:38:34
0.0,0.0,0,0,10:38:34
0.0,0.0,0,0,10:38:34
0.0,0.0,0,0,10:38:34
0.0,0.0,0,0,10:38:34
0.0,0.0,0,0,10:38:34
0.0,0.0,0,0,10:38:34
0.0,0.0,0,0,10:38:34
0.0,0.0,0,0,10:38:34
0.0,0.0,0,0,10:38:34
0.0,0.0,0,0,10:38:34
0.0,0.0,0,0,10:38:34
0.0,0.0,0,0,10:38:34
0.0,0.0,0,0,10:38:34
0.0,0.0,0,0,10:38:34
0.0,0.0,0,0,10:38:34
0.0,0.0,0,0,10:38:34
0.0,0.0,0,0,10:38:34
0.0,0.0,0,0,10:38:35
0.0,0.0,0,0,10:38:35
0.0,0.0,0,0,10:38:35
0.0,0.0,0,0,10:38:35
0.0,0.0,0,0,10:38:35
0.0,0.0,0,0,10:38:35
0.0,0.0,0,0,10:38:35
0.0,0.0,0,0,10:38:35
0.0,0.0,0,0,10:38:35
0.0,0.0,0,0,10:38:35
0.0,0.0,0,0,10:38:35
0.0,0.0,0,0,10:38:35
0.0,0.0,0,0,10:38:35
0.0,0.0,0,0,10:38:35
0.0,0.0,0,0,10:38:35
0.0,0.0,0,0,10:38:35
0.0,0.0,0,0,10:38:35
0.0,0.0,0,0,10:38:35
0.0,0.0,0,0,10:38:35
0.0,0.0,0,0,10:38:35
0.0,0.0,0,0,10:38:35
0.0,0.0,0,0,10:38:35
0.0,0.0,0,0,10:38:35
0.0,0.0,0,0,10:38:35
0.0,0.0,0,0,10:38:35
0.0,0.0,0,0,10:38:35
0.0,0.0,0,0,10:38:35
0.0,0.0,0,0,10:38:35
0.0,0.0,0,0,10:38:35
0.0,0.0,0,0,10:38:35
0.0,0.0,0,0,10:38:35
0.0,0.0,0,0,10:38:35
0.0,0.0,0,0,10:38:35
0.0,0.0,0,0,10:38:35
0.0,0.0,0,0,10:38:35
0.0,0.0,0,0,10:38:35
0.0,0.0,0,0,10:38:35
0.0,0.0,0,0,10:38:35
0.0,0.0,0,0,10:38:35
0.0,0.0,0,0,10:38:35
0.0,0.0,0,0,10:38:35
0.0,0.0,0,0,10:38:35
0.0,0.0,0,0,10:38:35
0.0,0.0,0,0,10:38:35
0.0,0.0,0,0,10:38:35
0.0,0.0,0,0,10:38:35
0.0,0.0,0,0,10:38:35
0.0,0.0,0,0,10:38:35
0.0,0.0,0,0,10:38:35
0.0,0.0,0,0,10:38:35
0.0,0.0,0,0,10:38:35
0.0,0.0,0,0,10:38:35
0.0,0.0,0,0,10:38:35
0.0,0.0,0,0,10:38:35
0.0,0.0,0,0,10:38:35
0.0,0.0,0,0,10:38:35
0.0,0.0,0,0,10:38:35
0.0,0.0,0,0,10:38:35
0.0,0.0,0,0,10:38:35
0.0,0.0,0,0,10:38:35
0.0,0.0,0,0,10:38:35
0.0,0.0,0,0,10:38:35
0.0,0.0,0,0,10:38:35
0.0,0.0,0,0,10:38:36
0.0,0.0,0,0,10:38:36
0.0,0.0,0,0,10:38:36
0.0,0.0,0,0,10:38:36
0.0,0.0,0,0,10:38:36
0.0,0.0,0,0,10:38:36
0.0,0.0,0,0,10:38:36
0.0,0.0,0,0,10:38:36
0.0,0.0,0,0,10:38:36
0.0,0.0,0,0,10:38:36
0.0,0.0,0,0,10:38:36
0.0,0.0,0,0,10:38:36
0.0,0.0,0,0,10:38:36
0.0,0.0,0,0,10:38:36
0.0,0.0,0,0,10:38:36
0.0,0.0,0,0,10:38:36
0.0,0.0,0,0,10:38:36
0.0,0.0,0,0,10:38:36
0.0,0.0,0,0,10:38:36
0.0,0.0,0,0,10:38:36
0.0,0.0,0,0,10:38:36
0.0,0.0,0,0,10:38:36
0.0,0.0,0,0,10:38:36
0.0,0.0,0,0,10:38:36
0.0,0.0,0,0,10:38:36
0.0,0.0,0,0,10:38:36
0.0,0.0,0,0,10:38:36
0.0,0.0,0,0,10:38:36
0.0,0.0,0,0,10:38:36
0.0,0.0,0,0,10:38:36
0.0,0.0,0,0,10:38:36
0.0,0.0,0,0,10:38:36
0.0,0.0,0,0,10:38:36
0.0,0.0,0,0,10:38:36
0.0,0.0,0,0,10:38:36
0.0,0.0,0,0,10:38:36
0.0,0.0,0,0,10:38:36
0.0,0.0,0,0,10:38:36
0.0,0.0,0,0,10:38:36
0.0,0.0,0,0,10:38:36
0.0,0.0,0,0,10:38:36
0.0,0.0,0,0,10:38:36
0.0,0.0,0,0,10:38:36
0.0,0.0,0,0,10:38:36
0.0,0.0,0,0,10:38:36
0.0,0.0,0,0,10:38:36
0.0,0.0,0,0,10:38:36
0.0,0.0,0,0,10:38:36
0.0,0.0,0,0,10:38:36
0.0,0.0,0,0,10:38:36
0.0,0.0,0,0,10:38:36
0.0,0.0,0,0,10:38:36
0.0,0.0,0,0,10:38:36
0.0,0.0,0,0,10:38:36
0.0,0.0,0,0,10:38:36
0.0,0.0,0,0,10:38:36
0.0,0.0,0,0,10:38:36
0.0,0.0,0,0,10:38:36
0.0,0.0,0,0,10:38:36
0.0,0.0,0,0,10:38:36
0.0,0.0,0,0,10:38:36
0.0,0.0,0,0,10:38:36
0.0,0.0,0,0,10:38:37
0.0,0.0,0,0,10:38:37
0.0,0.0,0,0,10:38:37
0.0,0.0,0,0,10:38:37
0.0,0.0,0,0,10:38:37
0.0,0.0,0,0,10:38:37
0.0,0.0,0,0,10:38:37
0.0,0.0,0,0,10:38:37
0.0,0.0,0,0,10:38:37
0.0,0.0,0,0,10:38:37
0.0,0.0,0,0,10:38:37
0.0,0.0,0,0,10:38:37
0.0,0.0,0,0,10:38:37
0.0,0.0,0,0,10:38:37
0.0,0.0,0,0,10:38:37
0.0,0.0,0,0,10:38:37
0.0,0.0,0,0,10:38:37
0.0,0.0,0,0,10:38:37
0.0,0.0,0,0,10:38:37
0.0,0.0,0,0,10:38:37
0.0,0.0,0,0,10:38:37
0.0,0.0,0,0,10:38:37
0.0,0.0,0,0,10:38:37
0.0,0.0,0,0,10:38:37
0.0,0.0,0,0,10:38:37
0.0,0.0,0,0,10:38:37
0.0,0.0,0,0,10:38:37
0.0,0.0,0,0,10:38:37
0.0,0.0,0,0,10:38:37
0.0,0.0,0,0,10:38:37
0.0,0.0,0,0,10:38:37
0.0,0.0,0,0,10:38:37
0.0,0.0,0,0,10:38:37
0.0,0.0,0,0,10:38:37
0.0,0.0,0,0,10:38:37
0.0,0.0,0,0,10:38:37
0.0,0.0,0,0,10:38:37
0.0,0.0,0,0,10:38:37
0.0,0.0,0,0,10:38:37
0.0,0.0,0,0,10:38:37
0.0,0.0,0,0,10:38:37
0.0,0.0,0,0,10:38:37
0.0,0.0,0,0,10:38:37
0.0,0.0,0,0,10:38:37
0.0,0.0,0,0,10:38:37
0.0,0.0,0,0,10:38:37
0.0,0.0,0,0,10:38:37
0.0,0.0,0,0,10:38:37
0.0,0.0,0,0,10:38:37
0.0,0.0,0,0,10:38:37
0.0,0.0,0,0,10:38:37
0.0,0.0,0,0,10:38:37
0.0,0.0,0,0,10:38:37
0.0,0.0,0,0,10:38:37
0.0,0.0,0,0,10:38:37
0.0,0.0,0,0,10:38:37
0.0,0.0,0,0,10:38:37
0.0,0.0,0,0,10:38:37
0.0,0.0,0,0,10:38:37
0.0,0.0,0,0,10:38:37
0.0,0.0,0,0,10:38:37
0.0,0.0,0,0,10:38:37
0.0,0.0,0,0,10:38:37
0.0,0.0,0,0,10:38:38
0.0,0.0,0,0,10:38:38
0.0,0.0,0,0,10:38:38
0.0,0.0,0,0,10:38:38
0.0,0.0,0,0,10:38:38
0.0,0.0,0,0,10:38:38
0.0,0.0,0,0,10:38:38
0.0,0.0,0,0,10:38:38
0.0,0.0,0,0,10:38:38
0.0,0.0,0,0,10:38:38
0.0,0.0,0,0,10:38:38
0.0,0.0,0,0,10:38:38
0.0,0.0,0,0,10:38:38
0.0,0.0,0,0,10:38:38
0.0,0.0,0,0,10:38:38
0.0,0.0,0,0,10:38:38
0.0,0.0,0,0,10:38:38
0.0,0.0,0,0,10:38:38
0.0,0.0,0,0,10:38:38
0.0,0.0,0,0,10:38:38
0.0,0.0,0,0,10:38:38
0.0,0.0,0,0,10:38:38
0.0,0.0,0,0,10:38:38
0.0,0.0,0,0,10:38:38
0.0,0.0,0,0,10:38:38
0.0,0.0,0,0,10:38:38
2.0,0.0,9999,0,10:38:38
2.0,0.0,0,0,10:38:38
2.0,0.0,0,0,10:38:38
2.0,0.0,0,0,10:38:38
2.0,0.0,0,0,10:38:38
2.0,0.0,0,0,10:38:38
2.0,0.0,0,0,10:38:38
2.0,0.0,0,0,10:38:38
2.0,0.0,0,0,10:38:38
2.0,0.0,0,0,10:38:38
2.0,0.0,0,0,10:38:38
2.0,0.0,0,0,10:38:38
2.0,0.0,0,0,10:38:38
2.0,0.0,0,0,10:38:38
2.0,0.0,0,0,10:38:38
2.0,0.0,0,0,10:38:38
2.0,0.0,0,0,10:38:38
2.0,0.0,0,0,10:38:38
2.0,0.0,0,0,10:38:38
2.0,0.0,0,0,10:38:38
2.0,0.0,0,0,10:38:38
2.0,0.0,0,0,10:38:38
2.0,0.0,0,0,10:38:38
2.0,0.0,0,0,10:38:38
2.0,0.0,0,0,10:38:38
2.0,0.0,0,0,10:38:38
2.0,0.0,0,0,10:38:38
2.0,0.0,0,0,10:38:38
2.0,0.0,0,0,10:38:38
2.0,0.0,0,0,10:38:38
2.0,0.0,0,0,10:38:38
2.0,0.0,0,0,10:38:38
2.0,0.0,0,0,10:38:38
2.0,0.0,0,0,10:38:38
2.0,0.0,0,0,10:38:38
2.0,0.0,0,0,10:38:38
2.0,0.0,0,0,10:38:39
2.0,0.0,0,0,10:38:39
2.0,0.0,0,0,10:38:39
2.0,0.0,0,0,10:38:39
2.0,0.0,0,0,10:38:39
2.0,0.0,0,0,10:38:39
2.0,0.0,0,0,10:38:39
2.0,0.0,0,0,10:38:39
2.0,0.0,0,0,10:38:39
2.0,0.0,0,0,10:38:39
2.0,0.0,0,0,10:38:39
2.0,0.0,0,0,10:38:39
2.0,0.0,0,0,10:38:39
2.0,0.0,0,0,10:38:39
2.0,0.0,0,0,10:38:39
2.0,0.0,0,0,10:38:39
2.0,0.0,0,0,10:38:39
2.0,0.0,0,0,10:38:39
2.0,0.0,0,0,10:38:39
2.0,0.0,0,0,10:38:39
2.0,0.0,0,0,10:38:39
2.0,0.0,0,0,10:38:39
2.0,0.0,0,0,10:38:39
2.0,0.0,0,0,10:38:39
2.0,0.0,0,0,10:38:39
2.0,0.0,0,0,10:38:39
2.0,0.0,0,0,10:38:39
0.0,0.0,9999,0,10:38:39
0.0,0.0,0,0,10:38:39
0.0,0.0,0,0,10:38:39
0.0,0.0,0,0,10:38:39
0.0,0.0,0,0,10:38:39
0.0,0.0,0,0,10:38:39
0.0,0.0,0,0,10:38:39
0.0,0.0,0,0,10:38:39
0.0,0.0,0,0,10:38:39
0.0,0.0,0,0,10:38:39
0.0,0.0,0,0,10:38:39
0.0,0.0,0,0,10:38:39
0.0,0.0,0,0,10:38:39
0.0,0.0,0,0,10:38:39
0.0,0.0,0,0,10:38:39
0.0,0.0,0,0,10:38:39
0.0,0.0,0,0,10:38:39
0.0,0.0,0,0,10:38:39
0.0,0.0,0,0,10:38:39
0.0,0.0,0,0,10:38:39
0.0,0.0,0,0,10:38:39
0.0,0.0,0,0,10:38:39
0.0,0.0,0,0,10:38:39
0.0,0.0,0,0,10:38:39
0.0,0.0,0,0,10:38:39
0.0,0.0,0,0,10:38:39
0.0,0.0,0,0,10:38:39
0.0,0.0,0,0,10:38:39
0.0,0.0,0,0,10:38:39
0.0,0.0,0,0,10:38:39
0.0,0.0,0,0,10:38:39
0.0,0.0,0,0,10:38:39
0.0,0.0,0,0,10:38:39
0.0,-2.0,0,9999,10:38:39
0.0,-2.0,0,0,10:38:39
0.0,-2.0,0,0,10:38:39
0.0,-2.0,0,0,10:38:40
0.0,-2.0,0,0,10:38:40
0.0,-2.0,0,0,10:38:40
0.0,-2.0,0,0,10:38:40
0.0,-2.0,0,0,10:38:40
0.0,-2.0,0,0,10:38:40
0.0,-2.0,0,0,10:38:40
0.0,-2.0,0,0,10:38:40
0.0,-2.0,0,0,10:38:40
0.0,-2.0,0,0,10:38:40
0.0,-2.0,0,0,10:38:40
0.0,-2.0,0,0,10:38:40
0.0,-2.0,0,0,10:38:40
0.0,-2.0,0,0,10:38:40
0.0,-2.0,0,0,10:38:40
0.0,-2.0,0,0,10:38:40
0.0,-2.0,0,0,10:38:40
0.0,-2.0,0,0,10:38:40
0.0,-2.0,0,0,10:38:40
0.0,-2.0,0,0,10:38:40
0.0,-2.0,0,0,10:38:40
0.0,-2.0,0,0,10:38:40
0.0,-2.0,0,0,10:38:40
0.0,-2.0,0,0,10:38:40
0.0,-2.0,0,0,10:38:40
0.0,-2.0,0,0,10:38:40
0.0,-2.0,0,0,10:38:40
0.0,-2.0,0,0,10:38:40
0.0,-2.0,0,0,10:38:40
0.0,-2.0,0,0,10:38:40
0.0,-2.0,0,0,10:38:40
0.0,-2.0,0,0,10:38:40
0.0,-2.0,0,0,10:38:40
0.0,-2.0,0,0,10:38:40
0.0,-2.0,0,0,10:38:40
0.0,-2.0,0,0,10:38:40
0.0,-2.0,0,0,10:38:40
0.0,-2.0,0,0,10:38:40
0.0,-2.0,0,0,10:38:40
0.0,-2.0,0,0,10:38:40
0.0,-2.0,0,0,10:38:40
0.0,-2.0,0,0,10:38:40
0.0,-2.0,0,0,10:38:40
0.0,-2.0,0,0,10:38:40
0.0,-2.0,0,0,10:38:40
0.0,-2.0,0,0,10:38:40
0.0,-2.0,0,0,10:38:40
0.0,-2.0,0,0,10:38:40
0.0,-2.0,0,0,10:38:40
0.0,-2.0,0,0,10:38:40
0.0,-2.0,0,0,10:38:40
0.0,-2.0,0,0,10:38:40
0.0,-2.0,0,0,10:38:40
0.0,-2.0,0,0,10:38:40
0.0,-2.0,0,0,10:38:40
0.0,-2.0,0,0,10:38:40
0.0,-2.0,0,0,10:38:40
0.0,-2.0,0,0,10:38:40
0.0,-2.0,0,0,10:38:40
0.0,-2.0,0,0,10:38:40
0.0,0.0,0,9999,10:38:40
0.0,0.0,0,0,10:38:40
0.0,0.0,0,0,10:38:41
0.0,0.0,0,0,10:38:41
0.0,0.0,0,0,10:38:41
0.0,0.0,0,0,10:38:41
0.0,0.0,0,0,10:38:41
0.0,0.0,0,0,10:38:41
0.0,0.0,0,0,10:38:41
0.0,0.0,0,0,10:38:41
0.0,0.0,0,0,10:38:41
0.0,0.0,0,0,10:38:41
0.0,0.0,0,0,10:38:41
0.0,0.0,0,0,10:38:41
0.0,0.0,0,0,10:38:41
0.0,0.0,0,0,10:38:41
0.0,0.0,0,0,10:38:41
0.0,0.0,0,0,10:38:41
0.0,0.0,0,0,10:38:41
0.0,0.0,0,0,10:38:41
0.0,0.0,0,0,10:38:41
0.0,0.0,0,0,10:38:41
0.0,0.0,0,0,10:38:41
0.0,0.0,0,0,10:38:41
0.0,0.0,0,0,10:38:41
0.0,0.0,0,0,10:38:41
0.0,2.0,0,9999,10:38:41
0.0,2.0,0,0,10:38:41
0.0,2.0,0,0,10:38:41
0.0,2.0,0,0,10:38:41
0.0,2.0,0,0,10:38:41
0.0,2.0,0,0,10:38:41
0.0,2.0,0,0,10:38:41
0.0,2.0,0,0,10:38:41
0.0,2.0,0,0,10:38:41
0.0,2.0,0,0,10:38:41
0.0,2.0,0,0,10:38:41
0.0,2.0,0,0,10:38:41
0.0,2.0,0,0,10:38:41
0.0,2.0,0,0,10:38:41
0.0,2.0,0,0,10:38:41
0.0,2.0,0,0,10:38:41
0.0,2.0,0,0,10:38:41
0.0,2.0,0,0,10:38:41
0.0,2.0,0,0,10:38:41
0.0,2.0,0,0,10:38:41
0.0,2.0,0,0,10:38:41
0.0,2.0,0,0,10:38:41
0.0,2.0,0,0,10:38:41
0.0,2.0,0,0,10:38:41
0.0,2.0,0,0,10:38:41
0.0,2.0,0,0,10:38:41
0.0,2.0,0,0,10:38:41
0.0,2.0,0,0,10:38:41
0.0,2.0,0,0,10:38:41
0.0,2.0,0,0,10:38:41
0.0,2.0,0,0,10:38:41
0.0,2.0,0,0,10:38:41
0.0,2.0,0,0,10:38:41
0.0,2.0,0,0,10:38:41
0.0,2.0,0,0,10:38:41
0.0,2.0,0,0,10:38:41
0.0,2.0,0,0,10:38:41
0.0,2.0,0,0,10:38:41
0.0,2.0,0,0,10:38:41
0.0,2.0,0,0,10:38:42
0.0,2.0,0,0,10:38:42
0.0,2.0,0,0,10:38:42
0.0,2.0,0,0,10:38:42
0.0,2.0,0,0,10:38:42
0.0,2.0,0,0,10:38:42
0.0,2.0,0,0,10:38:42
0.0,2.0,0,0,10:38:42
0.0,2.0,0,0,10:38:42
0.0,2.0,0,0,10:38:42
0.0,2.0,0,0,10:38:42
0.0,2.0,0,0,10:38:42
0.0,2.0,0,0,10:38:42
0.0,2.0,0,0,10:38:42
0.0,2.0,0,0,10:38:42
0.0,2.0,0,0,10:38:42
0.0,2.0,0,0,10:38:42
0.0,2.0,0,0,10:38:42
0.0,2.0,0,0,10:38:42
0.0,2.0,0,0,10:38:42
0.0,2.0,0,0,10:38:42
0.0,2.0,0,0,10:38:42
0.0,2.0,0,0,10:38:42
0.0,2.0,0,0,10:38:42
0.0,0.0,0,9999,10:38:42
0.0,0.0,0,0,10:38:42
0.0,0.0,0,0,10:38:42
0.0,0.0,0,0,10:38:42
0.0,0.0,0,0,10:38:42
0.0,0.0,0,0,10:38:42
0.0,0.0,0,0,10:38:42
0.0,0.0,0,0,10:38:42
0.0,0.0,0,0,10:38:42
0.0,0.0,0,0,10:38:42
0.0,0.0,0,0,10:38:42
0.0,0.0,0,0,10:38:42
0.0,0.0,0,0,10:38:42
0.0,0.0,0,0,10:38:42
0.0,0.0,0,0,10:38:42
0.0,0.0,0,0,10:38:42
0.0,-2.0,0,9999,10:38:42
0.0,-2.0,0,0,10:38:42
0.0,-2.0,0,0,10:38:42
0.0,-2.0,0,0,10:38:42
0.0,-2.0,0,0,10:38:42
0.0,-2.0,0,0,10:38:42
0.0,-2.0,0,0,10:38:42
0.0,-2.0,0,0,10:38:42
0.0,-2.0,0,0,10:38:42
0.0,-2.0,0,0,10:38:42
0.0,-2.0,0,0,10:38:42
0.0,-2.0,0,0,10:38:42
0.0,-2.0,0,0,10:38:42
0.0,-2.0,0,0,10:38:42
0.0,-2.0,0,0,10:38:42
0.0,-2.0,0,0,10:38:42
0.0,-2.0,0,0,10:38:42
0.0,-2.0,0,0,10:38:42
0.0,-2.0,0,0,10:38:42
0.0,-2.0,0,0,10:38:42
0.0,-2.0,0,0,10:38:42
0.0,-2.0,0,0,10:38:42
0.0,-2.0,0,0,10:38:43
0.0,-2.0,0,0,10:38:43
0.0,-2.0,0,0,10:38:43
0.0,-2.0,0,0,10:38:43
0.0,-2.0,0,0,10:38:43
0.0,-2.0,0,0,10:38:43
0.0,-2.0,0,0,10:38:43
0.0,-2.0,0,0,10:38:43
0.0,-2.0,0,0,10:38:43
0.0,-2.0,0,0,10:38:43
0.0,-2.0,0,0,10:38:43
0.0,-2.0,0,0,10:38:43
0.0,-2.0,0,0,10:38:43
0.0,-2.0,0,0,10:38:43
0.0,-2.0,0,0,10:38:43
0.0,-2.0,0,0,10:38:43
0.0,-2.0,0,0,10:38:43
0.0,-2.0,0,0,10:38:43
0.0,-2.0,0,0,10:38:43
0.0,-2.0,0,0,10:38:43
0.0,-2.0,0,0,10:38:43
0.0,-2.0,0,0,10:38:43
0.0,-2.0,0,0,10:38:43
0.0,-2.0,0,0,10:38:43
0.0,-2.0,0,0,10:38:43
0.0,-2.0,0,0,10:38:43
0.0,-2.0,0,0,10:38:43
0.0,-2.0,0,0,10:38:43
0.0,-2.0,0,0,10:38:43
0.0,-2.0,0,0,10:38:43
0.0,-2.0,0,0,10:38:43
0.0,-2.0,0,0,10:38:43
0.0,-2.0,0,0,10:38:43
0.0,-2.0,0,0,10:38:43
0.0,-2.0,0,0,10:38:43
0.0,-2.0,0,0,10:38:43
0.0,-2.0,0,0,10:38:43
0.0,-2.0,0,0,10:38:43
0.0,-2.0,0,0,10:38:43
0.0,-2.0,0,0,10:38:43
0.0,-2.0,0,0,10:38:43
0.0,0.0,0,9999,10:38:43
0.0,0.0,0,0,10:38:43
0.0,0.0,0,0,10:38:43
0.0,0.0,0,0,10:38:43
0.0,0.0,0,0,10:38:43
0.0,0.0,0,0,10:38:43
0.0,2.0,0,9999,10:38:43
0.0,2.0,0,0,10:38:43
0.0,2.0,0,0,10:38:43
0.0,2.0,0,0,10:38:43
0.0,2.0,0,0,10:38:43
0.0,2.0,0,0,10:38:43
0.0,2.0,0,0,10:38:43
0.0,2.0,0,0,10:38:43
0.0,2.0,0,0,10:38:43
0.0,2.0,0,0,10:38:43
0.0,2.0,0,0,10:38:43
0.0,2.0,0,0,10:38:43
0.0,2.0,0,0,10:38:43
0.0,2.0,0,0,10:38:43
0.0,2.0,0,0,10:38:43
0.0,2.0,0,0,10:38:43
0.0,2.0,0,0,10:38:44
0.0,2.0,0,0,10:38:44
0.0,2.0,0,0,10:38:44
0.0,2.0,0,0,10:38:44
0.0,2.0,0,0,10:38:44
0.0,2.0,0,0,10:38:44
0.0,2.0,0,0,10:38:44
0.0,2.0,0,0,10:38:44
0.0,2.0,0,0,10:38:44
0.0,2.0,0,0,10:38:44
0.0,2.0,0,0,10:38:44
0.0,2.0,0,0,10:38:44
0.0,2.0,0,0,10:38:44
0.0,2.0,0,0,10:38:44
0.0,2.0,0,0,10:38:44
0.0,2.0,0,0,10:38:44
0.0,2.0,0,0,10:38:44
0.0,2.0,0,0,10:38:44
0.0,2.0,0,0,10:38:44
0.0,2.0,0,0,10:38:44
0.0,2.0,0,0,10:38:44
0.0,2.0,0,0,10:38:44
0.0,2.0,0,0,10:38:44
0.0,2.0,0,0,10:38:44
0.0,2.0,0,0,10:38:44
0.0,2.0,0,0,10:38:44
0.0,2.0,0,0,10:38:44
0.0,2.0,0,0,10:38:44
0.0,2.0,0,0,10:38:44
0.0,2.0,0,0,10:38:44
0.0,2.0,0,0,10:38:44
0.0,2.0,0,0,10:38:44
0.0,2.0,0,0,10:38:44
0.0,2.0,0,0,10:38:44
0.0,2.0,0,0,10:38:44
0.0,2.0,0,0,10:38:44
0.0,2.0,0,0,10:38:44
0.0,2.0,0,0,10:38:44
0.0,2.0,0,0,10:38:44
0.0,2.0,0,0,10:38:44
0.0,2.0,0,0,10:38:44
0.0,2.0,0,0,10:38:44
0.0,2.0,0,0,10:38:44
0.0,2.0,0,0,10:38:44
0.0,2.0,0,0,10:38:44
0.0,2.0,0,0,10:38:44
0.0,2.0,0,0,10:38:44
0.0,0.0,0,9999,10:38:44
2.0,0.0,9999,0,10:38:44
2.0,0.0,0,0,10:38:44
2.0,0.0,0,0,10:38:44
2.0,0.0,0,0,10:38:44
2.0,0.0,0,0,10:38:44
2.0,0.0,0,0,10:38:44
2.0,0.0,0,0,10:38:44
2.0,0.0,0,0,10:38:44
2.0,0.0,0,0,10:38:44
2.0,0.0,0,0,10:38:44
2.0,0.0,0,0,10:38:44
2.0,0.0,0,0,10:38:44
2.0,0.0,0,0,10:38:44
2.0,0.0,0,0,10:38:44
2.0,0.0,0,0,10:38:45
2.0,0.0,0,0,10:38:45
2.0,0.0,0,0,10:38:45
2.0,0.0,0,0,10:38:45
2.0,0.0,0,0,10:38:45
2.0,0.0,0,0,10:38:45
2.0,0.0,0,0,10:38:45
2.0,0.0,0,0,10:38:45
2.0,0.0,0,0,10:38:45
2.0,0.0,0,0,10:38:45
2.0,0.0,0,0,10:38:45
2.0,0.0,0,0,10:38:45
2.0,0.0,0,0,10:38:45
2.0,0.0,0,0,10:38:45
2.0,0.0,0,0,10:38:45
2.0,0.0,0,0,10:38:45
2.0,0.0,0,0,10:38:45
2.0,0.0,0,0,10:38:45
2.0,0.0,0,0,10:38:45
2.0,0.0,0,0,10:38:45
2.0,0.0,0,0,10:38:45
2.0,0.0,0,0,10:38:45
2.0,0.0,0,0,10:38:45
2.0,0.0,0,0,10:38:45
2.0,0.0,0,0,10:38:45
2.0,0.0,0,0,10:38:45
2.0,0.0,0,0,10:38:45
2.0,0.0,0,0,10:38:45
2.0,0.0,0,0,10:38:45
2.0,0.0,0,0,10:38:45
2.0,0.0,0,0,10:38:45
2.0,0.0,0,0,10:38:45
2.0,0.0,0,0,10:38:45
2.0,0.0,0,0,10:38:45
2.0,0.0,0,0,10:38:45
2.0,0.0,0,0,10:38:45
2.0,0.0,0,0,10:38:45
2.0,0.0,0,0,10:38:45
2.0,0.0,0,0,10:38:45
2.0,0.0,0,0,10:38:45
2.0,0.0,0,0,10:38:45
2.0,0.0,0,0,10:38:45
2.0,0.0,0,0,10:38:45
2.0,0.0,0,0,10:38:45
2.0,0.0,0,0,10:38:45
2.0,0.0,0,0,10:38:45
2.0,0.0,0,0,10:38:45
2.0,0.0,0,0,10:38:45
2.0,0.0,0,0,10:38:45
0.0,0.0,9999,0,10:38:45
0.0,0.0,0,0,10:38:45
0.0,0.0,0,0,10:38:45
0.0,0.0,0,0,10:38:45
0.0,0.0,0,0,10:38:45
0.0,0.0,0,0,10:38:45
0.0,0.0,0,0,10:38:45
0.0,0.0,0,0,10:38:45
0.0,0.0,0,0,10:38:45
0.0,-2.0,0,9999,10:38:45
0.0,-2.0,0,0,10:38:45
0.0,-2.0,0,0,10:38:45
0.0,-2.0,0,0,10:38:45
0.0,-2.0,0,0,10:38:45
0.0,-2.0,0,0,10:38:46
0.0,-2.0,0,0,10:38:46
0.0,-2.0,0,0,10:38:46
0.0,-2.0,0,0,10:38:46
0.0,-2.0,0,0,10:38:46
0.0,-2.0,0,0,10:38:46
0.0,-2.0,0,0,10:38:46
0.0,-2.0,0,0,10:38:46
0.0,-2.0,0,0,10:38:46
0.0,-2.0,0,0,10:38:46
0.0,-2.0,0,0,10:38:46
0.0,-2.0,0,0,10:38:46
0.0,-2.0,0,0,10:38:46
0.0,-2.0,0,0,10:38:46
0.0,-2.0,0,0,10:38:46
0.0,-2.0,0,0,10:38:46
0.0,-2.0,0,0,10:38:46
0.0,-2.0,0,0,10:38:46
0.0,-2.0,0,0,10:38:46
0.0,-2.0,0,0,10:38:46
0.0,-2.0,0,0,10:38:46
0.0,-2.0,0,0,10:38:46
0.0,-2.0,0,0,10:38:46
0.0,-2.0,0,0,10:38:46
0.0,-2.0,0,0,10:38:46
0.0,-2.0,0,0,10:38:46
0.0,-2.0,0,0,10:38:46
0.0,-2.0,0,0,10:38:46
0.0,-2.0,0,0,10:38:46
0.0,-2.0,0,0,10:38:46
0.0,-2.0,0,0,10:38:46
0.0,-2.0,0,0,10:38:46
0.0,-2.0,0,0,10:38:46
0.0,-2.0,0,0,10:38:46
0.0,-2.0,0,0,10:38:46
0.0,-2.0,0,0,10:38:46
0.0,-2.0,0,0,10:38:46
0.0,-2.0,0,0,10:38:46
0.0,-2.0,0,0,10:38:46
0.0,-2.0,0,0,10:38:46
0.0,-2.0,0,0,10:38:46
0.0,-2.0,0,0,10:38:46
0.0,-2.0,0,0,10:38:46
0.0,-2.0,0,0,10:38:46
0.0,-2.0,0,0,10:38:46
0.0,-2.0,0,0,10:38:46
0.0,-2.0,0,0,10:38:46
0.0,-2.0,0,0,10:38:46
0.0,-2.0,0,0,10:38:46
0.0,-2.0,0,0,10:38:46
0.0,-2.0,0,0,10:38:46
0.0,-2.0,0,0,10:38:46
0.0,-2.0,0,0,10:38:46
0.0,-2.0,0,0,10:38:46
0.0,-2.0,0,0,10:38:46
0.0,-2.0,0,0,10:38:46
0.0,-2.0,0,0,10:38:46
0.0,-2.0,0,0,10:38:46
0.0,0.0,0,9999,10:38:46
0.0,0.0,0,0,10:38:46
0.0,0.0,0,0,10:38:46
0.0,0.0,0,0,10:38:46
0.0,0.0,0,0,10:38:47
0.0,0.0,0,0,10:38:47
0.0,0.0,0,0,10:38:47
0.0,0.0,0,0,10:38:47
0.0,0.0,0,0,10:38:47
0.0,0.0,0,0,10:38:47
0.0,0.0,0,0,10:38:47
0.0,0.0,0,0,10:38:47
0.0,0.0,0,0,10:38:47
0.0,0.0,0,0,10:38:47
0.0,0.0,0,0,10:38:47
0.0,0.0,0,0,10:38:47
0.0,2.0,0,9999,10:38:47
0.0,2.0,0,0,10:38:47
0.0,2.0,0,0,10:38:47
0.0,2.0,0,0,10:38:47
0.0,2.0,0,0,10:38:47
0.0,2.0,0,0,10:38:47
0.0,2.0,0,0,10:38:47
0.0,2.0,0,0,10:38:47
0.0,2.0,0,0,10:38:47
0.0,2.0,0,0,10:38:47
0.0,2.0,0,0,10:38:47
0.0,2.0,0,0,10:38:47
0.0,2.0,0,0,10:38:47
0.0,2.0,0,0,10:38:47
0.0,2.0,0,0,10:38:47
0.0,2.0,0,0,10:38:47
0.0,2.0,0,0,10:38:47
0.0,2.0,0,0,10:38:47
0.0,2.0,0,0,10:38:47
0.0,2.0,0,0,10:38:47
0.0,2.0,0,0,10:38:47
0.0,2.0,0,0,10:38:47
0.0,2.0,0,0,10:38:47
0.0,2.0,0,0,10:38:47
0.0,2.0,0,0,10:38:47
0.0,2.0,0,0,10:38:47
0.0,2.0,0,0,10:38:47
0.0,2.0,0,0,10:38:47
0.0,2.0,0,0,10:38:47
0.0,2.0,0,0,10:38:47
0.0,2.0,0,0,10:38:47
0.0,2.0,0,0,10:38:47
0.0,2.0,0,0,10:38:47
0.0,2.0,0,0,10:38:47
0.0,2.0,0,0,10:38:47
0.0,2.0,0,0,10:38:47
0.0,2.0,0,0,10:38:47
0.0,2.0,0,0,10:38:47
0.0,2.0,0,0,10:38:47
0.0,2.0,0,0,10:38:47
0.0,2.0,0,0,10:38:47
0.0,2.0,0,0,10:38:47
0.0,2.0,0,0,10:38:47
0.0,2.0,0,0,10:38:47
0.0,2.0,0,0,10:38:47
0.0,2.0,0,0,10:38:47
0.0,2.0,0,0,10:38:47
0.0,2.0,0,0,10:38:47
0.0,2.0,0,0,10:38:47
0.0,2.0,0,0,10:38:47
0.0,2.0,0,0,10:38:47
0.0,2.0,0,0,10:38:48
0.0,2.0,0,0,10:38:48
0.0,2.0,0,0,10:38:48
0.0,2.0,0,0,10:38:48
0.0,2.0,0,0,10:38:48
0.0,2.0,0,0,10:38:48
0.0,2.0,0,0,10:38:48
0.0,2.0,0,0,10:38:48
0.0,2.0,0,0,10:38:48
0.0,2.0,0,0,10:38:48
0.0,2.0,0,0,10:38:48
0.0,2.0,0,0,10:38:48
0.0,0.0,0,9999,10:38:48
0.0,0.0,0,0,10:38:48
0.0,0.0,0,0,10:38:48
0.0,0.0,0,0,10:38:48
0.0,0.0,0,0,10:38:48
2.0,0.0,9999,0,10:38:48
2.0,0.0,0,0,10:38:48
2.0,0.0,0,0,10:38:48
2.0,0.0,0,0,10:38:48
2.0,0.0,0,0,10:38:48
2.0,0.0,0,0,10:38:48
2.0,0.0,0,0,10:38:48
2.0,0.0,0,0,10:38:48
2.0,0.0,0,0,10:38:48
2.0,0.0,0,0,10:38:48
2.0,0.0,0,0,10:38:48
2.0,0.0,0,0,10:38:48
2.0,0.0,0,0,10:38:48
2.0,0.0,0,0,10:38:48
2.0,0.0,0,0,10:38:48
2.0,0.0,0,0,10:38:48
2.0,0.0,0,0,10:38:48
2.0,0.0,0,0,10:38:48
2.0,0.0,0,0,10:38:48
2.0,0.0,0,0,10:38:48
2.0,0.0,0,0,10:38:48
2.0,0.0,0,0,10:38:48
2.0,0.0,0,0,10:38:48
2.0,0.0,0,0,10:38:48
2.0,0.0,0,0,10:38:48
2.0,0.0,0,0,10:38:48
2.0,0.0,0,0,10:38:48
2.0,0.0,0,0,10:38:48
2.0,0.0,0,0,10:38:48
2.0,0.0,0,0,10:38:48
2.0,0.0,0,0,10:38:48
2.0,0.0,0,0,10:38:48
2.0,0.0,0,0,10:38:48
2.0,0.0,0,0,10:38:48
2.0,0.0,0,0,10:38:48
2.0,0.0,0,0,10:38:48
2.0,0.0,0,0,10:38:48
2.0,0.0,0,0,10:38:48
2.0,0.0,0,0,10:38:48
2.0,0.0,0,0,10:38:48
2.0,0.0,0,0,10:38:48
2.0,0.0,0,0,10:38:48
2.0,0.0,0,0,10:38:48
2.0,0.0,0,0,10:38:48
2.0,0.0,0,0,10:38:48
2.0,0.0,0,0,10:38:49
2.0,0.0,0,0,10:38:49
2.0,0.0,0,0,10:38:49
2.0,0.0,0,0,10:38:49
2.0,0.0,0,0,10:38:49
2.0,0.0,0,0,10:38:49
2.0,0.0,0,0,10:38:49
2.0,0.0,0,0,10:38:49
2.0,0.0,0,0,10:38:49
2.0,0.0,0,0,10:38:49
2.0,0.0,0,0,10:38:49
2.0,0.0,0,0,10:38:49
2.0,0.0,0,0,10:38:49
2.0,0.0,0,0,10:38:49
2.0,0.0,0,0,10:38:49
2.0,0.0,0,0,10:38:49
2.0,0.0,0,0,10:38:49
2.0,0.0,0,0,10:38:49
0.0,0.0,9999,0,10:38:49
0.0,0.0,0,0,10:38:49
0.0,0.0,0,0,10:38:49
0.0,0.0,0,0,10:38:49
0.0,0.0,0,0,10:38:49
0.0,0.0,0,0,10:38:49
0.0,0.0,0,0,10:38:49
0.0,0.0,0,0,10:38:49
0.0,0.0,0,0,10:38:49
0.0,0.0,0,0,10:38:49
0.0,0.0,0,0,10:38:49
0.0,0.0,0,0,10:38:49
0.0,0.0,0,0,10:38:49
0.0,0.0,0,0,10:38:49
0.0,0.0,0,0,10:38:49
0.0,0.0,0,0,10:38:49
0.0,0.0,0,0,10:38:49
0.0,0.0,0,0,10:38:49
0.0,0.0,0,0,10:38:49
0.0,0.0,0,0,10:38:49
0.0,0.0,0,0,10:38:49
0.0,0.0,0,0,10:38:49
0.0,0.0,0,0,10:38:49
0.0,0.0,0,0,10:38:49
0.0,0.0,0,0,10:38:49
0.0,0.0,0,0,10:38:49
0.0,0.0,0,0,10:38:49
0.0,0.0,0,0,10:38:49
0.0,0.0,0,0,10:38:49
0.0,0.0,0,0,10:38:49
0.0,0.0,0,0,10:38:49
0.0,0.0,0,0,10:38:49
0.0,0.0,0,0,10:38:49
0.0,0.0,0,0,10:38:49
0.0,0.0,0,0,10:38:49
0.0,0.0,0,0,10:38:49
0.0,0.0,0,0,10:38:49
0.0,0.0,0,0,10:38:49
0.0,0.0,0,0,10:38:49
0.0,0.0,0,0,10:38:49
0.0,0.0,0,0,10:38:49
0.0,0.0,0,0,10:38:49
0.0,0.0,0,0,10:38:49
0.0,0.0,0,0,10:38:49
0.0,0.0,0,0,10:38:49
0.0,0.0,0,0,10:38:50
0.0,0.0,0,0,10:38:50
0.0,0.0,0,0,10:38:50
0.0,0.0,0,0,10:38:50
0.0,0.0,0,0,10:38:50
0.0,0.0,0,0,10:38:50
0.0,0.0,0,0,10:38:50
0.0,0.0,0,0,10:38:50
0.0,0.0,0,0,10:38:50
0.0,0.0,0,0,10:38:50
0.0,0.0,0,0,10:38:50
0.0,0.0,0,0,10:38:50
0.0,0.0,0,0,10:38:50
0.0,0.0,0,0,10:38:50
0.0,0.0,0,0,10:38:50
0.0,0.0,0,0,10:38:50
0.0,0.0,0,0,10:38:50
0.0,0.0,0,0,10:38:50
0.0,0.0,0,0,10:38:50
0.0,0.0,0,0,10:38:50
0.0,0.0,0,0,10:38:50
0.0,0.0,0,0,10:38:50
0.0,0.0,0,0,10:38:50
0.0,0.0,0,0,10:38:50
0.0,0.0,0,0,10:38:50
0.0,0.0,0,0,10:38:50
0.0,0.0,0,0,10:38:50
0.0,0.0,0,0,10:38:50
0.0,0.0,0,0,10:38:50
0.0,0.0,0,0,10:38:50
0.0,0.0,0,0,10:38:50
0.0,0.0,0,0,10:38:50
0.0,0.0,0,0,10:38:50
0.0,0.0,0,0,10:38:50
0.0,0.0,0,0,10:38:50
0.0,0.0,0,0,10:38:50
0.0,0.0,0,0,10:38:50
0.0,0.0,0,0,10:38:50
0.0,0.0,0,0,10:38:50
0.0,0.0,0,0,10:38:50
0.0,0.0,0,0,10:38:50
0.0,0.0,0,0,10:38:50
0.0,0.0,0,0,10:38:50
0.0,0.0,0,0,10:38:50
0.0,0.0,0,0,10:38:50
0.0,0.0,0,0,10:38:50
0.0,0.0,0,0,10:38:50
0.0,0.0,0,0,10:38:50
0.0,0.0,0,0,10:38:50
0.0,0.0,0,0,10:38:50
0.0,0.0,0,0,10:38:50
0.0,0.0,0,0,10:38:50
0.0,0.0,0,0,10:38:50
0.0,0.0,0,0,10:38:50
0.0,0.0,0,0,10:38:50
0.0,0.0,0,0,10:38:50
0.0,0.0,0,0,10:38:50
0.0,0.0,0,0,10:38:50
0.0,0.0,0,0,10:38:50
0.0,0.0,0,0,10:38:50
0.0,0.0,0,0,10:38:50
0.0,0.0,0,0,10:38:50
0.0,0.0,0,0,10:38:51
0.0,0.0,0,0,10:38:51
0.0,0.0,0,0,10:38:51
0.0,0.0,0,0,10:38:51
0.0,0.0,0,0,10:38:51
0.0,0.0,0,0,10:38:51
0.0,0.0,0,0,10:38:51
0.0,0.0,0,0,10:38:51
0.0,0.0,0,0,10:38:51
0.0,0.0,0,0,10:38:51
0.0,0.0,0,0,10:38:51
0.0,0.0,0,0,10:38:51
0.0,0.0,0,0,10:38:51
0.0,0.0,0,0,10:38:51
0.0,0.0,0,0,10:38:51
0.0,0.0,0,0,10:38:51
0.0,0.0,0,0,10:38:51
0.0,0.0,0,0,10:38:51
0.0,0.0,0,0,10:38:51
0.0,0.0,0,0,10:38:51
0.0,0.0,0,0,10:38:51
0.0,0.0,0,0,10:38:51
0.0,0.0,0,0,10:38:51
0.0,0.0,0,0,10:38:51
0.0,0.0,0,0,10:38:51
0.0,0.0,0,0,10:38:51
0.0,0.0,0,0,10:38:51
0.0,0.0,0,0,10:38:51
0.0,0.0,0,0,10:38:51
0.0,0.0,0,0,10:38:51
0.0,0.0,0,0,10:38:51
0.0,0.0,0,0,10:38:51
0.0,0.0,0,0,10:38:51
0.0,0.0,0,0,10:38:51
0.0,0.0,0,0,10:38:51
0.0,0.0,0,0,10:38:51
0.0,0.0,0,0,10:38:51
0.0,0.0,0,0,10:38:51
0.0,0.0,0,0,10:38:51
0.0,0.0,0,0,10:38:51
0.0,0.0,0,0,10:38:51
0.0,0.0,0,0,10:38:51
0.0,0.0,0,0,10:38:51
0.0,0.0,0,0,10:38:51
0.0,0.0,0,0,10:38:51
0.0,0.0,0,0,10:38:51
0.0,0.0,0,0,10:38:51
0.0,0.0,0,0,10:38:51
0.0,0.0,0,0,10:38:51
0.0,0.0,0,0,10:38:51
0.0,0.0,0,0,10:38:51
0.0,0.0,0,0,10:38:51
0.0,0.0,0,0,10:38:51
0.0,0.0,0,0,10:38:51
0.0,0.0,0,0,10:38:51
0.0,0.0,0,0,10:38:51
0.0,0.0,0,0,10:38:51
0.0,0.0,0,0,10:38:51
0.0,0.0,0,0,10:38:51
0.0,0.0,0,0,10:38:51
0.0,0.0,0,0,10:38:51
0.0,0.0,0,0,10:38:51
0.0,0.0,0,0,10:38:51
0.0,0.0,0,0,10:38:52
0.0,0.0,0,0,10:38:52
0.0,0.0,0,0,10:38:52
0.0,0.0,0,0,10:38:52
0.0,0.0,0,0,10:38:52
0.0,0.0,0,0,10:38:52
0.0,0.0,0,0,10:38:52
0.0,0.0,0,0,10:38:52
0.0,0.0,0,0,10:38:52
0.0,0.0,0,0,10:38:52
0.0,0.0,0,0,10:38:52
0.0,0.0,0,0,10:38:52
0.0,0.0,0,0,10:38:52
0.0,0.0,0,0,10:38:52
0.0,0.0,0,0,10:38:52
0.0,0.0,0,0,10:38:52
0.0,0.0,0,0,10:38:52
0.0,0.0,0,0,10:38:52
0.0,0.0,0,0,10:38:52
0.0,0.0,0,0,10:38:52
0.0,0.0,0,0,10:38:52
0.0,0.0,0,0,10:38:52
0.0,0.0,0,0,10:38:52
0.0,0.0,0,0,10:38:52
0.0,0.0,0,0,10:38:52
0.0,0.0,0,0,10:38:52
0.0,0.0,0,0,10:38:52
0.0,0.0,0,0,10:38:52
0.0,0.0,0,0,10:38:52
0.0,0.0,0,0,10:38:52
0.0,0.0,0,0,10:38:52
0.0,0.0,0,0,10:38:52
0.0,0.0,0,0,10:38:52
0.0,0.0,0,0,10:38:52
0.0,0.0,0,0,10:38:52
0.0,0.0,0,0,10:38:52
0.0,0.0,0,0,10:38:52
0.0,0.0,0,0,10:38:52
0.0,0.0,0,0,10:38:52
0.0,0.0,0,0,10:38:52
0.0,0.0,0,0,10:38:52
0.0,0.0,0,0,10:38:52
0.0,0.0,0,0,10:38:52
0.0,0.0,0,0,10:38:52
0.0,0.0,0,0,10:38:52
0.0,0.0,0,0,10:38:52
0.0,0.0,0,0,10:38:52
0.0,0.0,0,0,10:38:52
0.0,0.0,0,0,10:38:52
0.0,0.0,0,0,10:38:52
0.0,0.0,0,0,10:38:52
0.0,0.0,0,0,10:38:52
0.0,0.0,0,0,10:38:52
0.0,0.0,0,0,10:38:52
0.0,0.0,0,0,10:38:52
0.0,0.0,0,0,10:38:52
0.0,0.0,0,0,10:38:52
0.0,0.0,0,0,10:38:52
0.0,0.0,0,0,10:38:52
0.0,0.0,0,0,10:38:52
0.0,0.0,0,0,10:38:52
2.0,0.0,9999,0,10:38:52
2.0,0.0,0,0,10:38:53
2.0,0.0,0,0,10:38:53
2.0,0.0,0,0,10:38:53
2.0,0.0,0,0,10:38:53
2.0,0.0,0,0,10:38:53
2.0,0.0,0,0,10:38:53
2.0,0.0,0,0,10:38:53
2.0,0.0,0,0,10:38:53
2.0,0.0,0,0,10:38:53
2.0,0.0,0,0,10:38:53
2.0,0.0,0,0,10:38:53
2.0,0.0,0,0,10:38:53
2.0,0.0,0,0,10:38:53
2.0,0.0,0,0,10:38:53
2.0,0.0,0,0,10:38:53
2.0,0.0,0,0,10:38:53
2.0,0.0,0,0,10:38:53
2.0,0.0,0,0,10:38:53
2.0,0.0,0,0,10:38:53
2.0,0.0,0,0,10:38:53
2.0,0.0,0,0,10:38:53
2.0,0.0,0,0,10:38:53
2.0,0.0,0,0,10:38:53
2.0,0.0,0,0,10:38:53
2.0,0.0,0,0,10:38:53
2.0,0.0,0,0,10:38:53
2.0,0.0,0,0,10:38:53
2.0,0.0,0,0,10:38:53
2.0,0.0,0,0,10:38:53
2.0,0.0,0,0,10:38:53
2.0,0.0,0,0,10:38:53
2.0,0.0,0,0,10:38:53
2.0,0.0,0,0,10:38:53
2.0,0.0,0,0,10:38:53
2.0,0.0,0,0,10:38:53
2.0,0.0,0,0,10:38:53
2.0,0.0,0,0,10:38:53
2.0,0.0,0,0,10:38:53
2.0,0.0,0,0,10:38:53
2.0,0.0,0,0,10:38:53
2.0,0.0,0,0,10:38:53
2.0,0.0,0,0,10:38:53
2.0,0.0,0,0,10:38:53
2.0,0.0,0,0,10:38:53
2.0,0.0,0,0,10:38:53
2.0,0.0,0,0,10:38:53
2.0,0.0,0,0,10:38:53
2.0,0.0,0,0,10:38:53
2.0,0.0,0,0,10:38:53
2.0,0.0,0,0,10:38:53
2.0,0.0,0,0,10:38:53
2.0,0.0,0,0,10:38:53
2.0,0.0,0,0,10:38:53
2.0,0.0,0,0,10:38:53
2.0,0.0,0,0,10:38:53
2.0,0.0,0,0,10:38:53
2.0,0.0,0,0,10:38:53
2.0,0.0,0,0,10:38:53
2.0,0.0,0,0,10:38:53
2.0,0.0,0,0,10:38:53
2.0,0.0,0,0,10:38:53
2.0,0.0,0,0,10:38:53
2.0,0.0,0,0,10:38:53
2.0,0.0,0,0,10:38:54
2.0,0.0,0,0,10:38:54
2.0,0.0,0,0,10:38:54
2.0,0.0,0,0,10:38:54
2.0,0.0,0,0,10:38:54
2.0,0.0,0,0,10:38:54
2.0,0.0,0,0,10:38:54
2.0,0.0,0,0,10:38:54
2.0,0.0,0,0,10:38:54
2.0,0.0,0,0,10:38:54
2.0,0.0,0,0,10:38:54
2.0,0.0,0,0,10:38:54
2.0,0.0,0,0,10:38:54
2.0,0.0,0,0,10:38:54
2.0,0.0,0,0,10:38:54
2.0,0.0,0,0,10:38:54
2.0,0.0,0,0,10:38:54
2.0,0.0,0,0,10:38:54
2.0,0.0,0,0,10:38:54
2.0,0.0,0,0,10:38:54
2.0,0.0,0,0,10:38:54
2.0,0.0,0,0,10:38:54
2.0,0.0,0,0,10:38:54
2.0,0.0,0,0,10:38:54
2.0,0.0,0,0,10:38:54
2.0,0.0,0,0,10:38:54
2.0,0.0,0,0,10:38:54
2.0,0.0,0,0,10:38:54
2.0,0.0,0,0,10:38:54
2.0,0.0,0,0,10:38:54
2.0,0.0,0,0,10:38:54
2.0,0.0,0,0,10:38:54
2.0,0.0,0,0,10:38:54
2.0,0.0,0,0,10:38:54
2.0,0.0,0,0,10:38:54
2.0,0.0,0,0,10:38:54
2.0,0.0,0,0,10:38:54
2.0,0.0,0,0,10:38:54
2.0,0.0,0,0,10:38:54
0.0,0.0,9999,0,10:38:54
0.0,0.0,0,0,10:38:54
2.0,0.0,9999,0,10:38:54
2.0,0.0,0,0,10:38:54
2.0,0.0,0,0,10:38:54
2.0,0.0,0,0,10:38:54
2.0,0.0,0,0,10:38:54
2.0,0.0,0,0,10:38:54
2.0,0.0,0,0,10:38:54
2.0,0.0,0,0,10:38:54
2.0,0.0,0,0,10:38:54
2.0,0.0,0,0,10:38:54
2.0,0.0,0,0,10:38:54
2.0,0.0,0,0,10:38:54
2.0,0.0,0,0,10:38:54
2.0,0.0,0,0,10:38:54
2.0,0.0,0,0,10:38:54
2.0,0.0,0,0,10:38:54
2.0,0.0,0,0,10:38:54
2.0,0.0,0,0,10:38:54
2.0,0.0,0,0,10:38:54
2.0,0.0,0,0,10:38:54
2.0,0.0,0,0,10:38:54
2.0,0.0,0,0,10:38:55
2.0,0.0,0,0,10:38:55
2.0,0.0,0,0,10:38:55
2.0,0.0,0,0,10:38:55
2.0,0.0,0,0,10:38:55
2.0,0.0,0,0,10:38:55
2.0,0.0,0,0,10:38:55
2.0,0.0,0,0,10:38:55
2.0,0.0,0,0,10:38:55
2.0,0.0,0,0,10:38:55
2.0,0.0,0,0,10:38:55
2.0,0.0,0,0,10:38:55
2.0,0.0,0,0,10:38:55
2.0,0.0,0,0,10:38:55
2.0,0.0,0,0,10:38:55
2.0,0.0,0,0,10:38:55
2.0,0.0,0,0,10:38:55
2.0,0.0,0,0,10:38:55
2.0,0.0,0,0,10:38:55
2.0,0.0,0,0,10:38:55
2.0,0.0,0,0,10:38:55
2.0,0.0,0,0,10:38:55
2.0,0.0,0,0,10:38:55
2.0,0.0,0,0,10:38:55
2.0,0.0,0,0,10:38:55
2.0,0.0,0,0,10:38:55
2.0,0.0,0,0,10:38:55
2.0,0.0,0,0,10:38:55
2.0,0.0,0,0,10:38:55
2.0,0.0,0,0,10:38:55
2.0,0.0,0,0,10:38:55
2.0,0.0,0,0,10:38:55
2.0,0.0,0,0,10:38:55
2.0,0.0,0,0,10:38:55
2.0,0.0,0,0,10:38:55
2.0,0.0,0,0,10:38:55
2.0,0.0,0,0,10:38:55
2.0,0.0,0,0,10:38:55
2.0,0.0,0,0,10:38:55
2.0,0.0,0,0,10:38:55
2.0,0.0,0,0,10:38:55
2.0,0.0,0,0,10:38:55
2.0,0.0,0,0,10:38:55
2.0,0.0,0,0,10:38:55
2.0,0.0,0,0,10:38:55
2.0,0.0,0,0,10:38:55
2.0,0.0,0,0,10:38:55
2.0,0.0,0,0,10:38:55
2.0,0.0,0,0,10:38:55
2.0,0.0,0,0,10:38:55
2.0,0.0,0,0,10:38:55
2.0,0.0,0,0,10:38:55
2.0,0.0,0,0,10:38:55
2.0,0.0,0,0,10:38:55
2.0,0.0,0,0,10:38:55
2.0,0.0,0,0,10:38:55
2.0,0.0,0,0,10:38:55
2.0,0.0,0,0,10:38:55
2.0,0.0,0,0,10:38:55
2.0,0.0,0,0,10:38:55
2.0,0.0,0,0,10:38:55
2.0,0.0,0,0,10:38:55
2.0,0.0,0,0,10:38:56
2.0,0.0,0,0,10:38:56
2.0,0.0,0,0,10:38:56
2.0,0.0,0,0,10:38:56
2.0,0.0,0,0,10:38:56
2.0,0.0,0,0,10:38:56
2.0,0.0,0,0,10:38:56
2.0,0.0,0,0,10:38:56
2.0,0.0,0,0,10:38:56
2.0,0.0,0,0,10:38:56
2.0,0.0,0,0,10:38:56
2.0,0.0,0,0,10:38:56
2.0,0.0,0,0,10:38:56
2.0,0.0,0,0,10:38:56
2.0,0.0,0,0,10:38:56
2.0,0.0,0,0,10:38:56
2.0,0.0,0,0,10:38:56
2.0,0.0,0,0,10:38:56
2.0,0.0,0,0,10:38:56
2.0,0.0,0,0,10:38:56
2.0,0.0,0,0,10:38:56
2.0,0.0,0,0,10:38:56
2.0,0.0,0,0,10:38:56
2.0,0.0,0,0,10:38:56
2.0,0.0,0,0,10:38:56
2.0,0.0,0,0,10:38:56
2.0,0.0,0,0,10:38:56
2.0,0.0,0,0,10:38:56
2.0,0.0,0,0,10:38:56
2.0,0.0,0,0,10:38:56
2.0,0.0,0,0,10:38:56
2.0,0.0,0,0,10:38:56
2.0,0.0,0,0,10:38:56
2.0,0.0,0,0,10:38:56
2.0,0.0,0,0,10:38:56
2.0,0.0,0,0,10:38:56
2.0,0.0,0,0,10:38:56
2.0,0.0,0,0,10:38:56
2.0,0.0,0,0,10:38:56
2.0,0.0,0,0,10:38:56
2.0,0.0,0,0,10:38:56
2.0,0.0,0,0,10:38:56
2.0,0.0,0,0,10:38:56
2.0,0.0,0,0,10:38:56
2.0,0.0,0,0,10:38:56
2.0,0.0,0,0,10:38:56
2.0,0.0,0,0,10:38:56
2.0,0.0,0,0,10:38:56
2.0,0.0,0,0,10:38:56
2.0,0.0,0,0,10:38:56
2.0,0.0,0,0,10:38:56
2.0,0.0,0,0,10:38:56
2.0,0.0,0,0,10:38:56
2.0,0.0,0,0,10:38:56
2.0,0.0,0,0,10:38:56
2.0,0.0,0,0,10:38:56
2.0,0.0,0,0,10:38:56
2.0,0.0,0,0,10:38:56
2.0,0.0,0,0,10:38:56
2.0,0.0,0,0,10:38:56
2.0,0.0,0,0,10:38:56
2.0,0.0,0,0,10:38:56
2.0,0.0,0,0,10:38:56
2.0,0.0,0,0,10:38:57
2.0,0.0,0,0,10:38:57
2.0,0.0,0,0,10:38:57
2.0,0.0,0,0,10:38:57
2.0,0.0,0,0,10:38:57
2.0,0.0,0,0,10:38:57
2.0,0.0,0,0,10:38:57
2.0,0.0,0,0,10:38:57
2.0,0.0,0,0,10:38:57
2.0,0.0,0,0,10:38:57
2.0,0.0,0,0,10:38:57
2.0,0.0,0,0,10:38:57
2.0,0.0,0,0,10:38:57
2.0,0.0,0,0,10:38:57
2.0,0.0,0,0,10:38:57
2.0,0.0,0,0,10:38:57
2.0,0.0,0,0,10:38:57
2.0,0.0,0,0,10:38:57
2.0,0.0,0,0,10:38:57
2.0,0.0,0,0,10:38:57
2.0,0.0,0,0,10:38:57
2.0,0.0,0,0,10:38:57
2.0,0.0,0,0,10:38:57
2.0,0.0,0,0,10:38:57
2.0,0.0,0,0,10:38:57
2.0,0.0,0,0,10:38:57
2.0,0.0,0,0,10:38:57
2.0,0.0,0,0,10:38:57
2.0,0.0,0,0,10:38:57
2.0,0.0,0,0,10:38:57
2.0,0.0,0,0,10:38:57
2.0,0.0,0,0,10:38:57
2.0,0.0,0,0,10:38:57
2.0,0.0,0,0,10:38:57
2.0,0.0,0,0,10:38:57
2.0,0.0,0,0,10:38:57
2.0,0.0,0,0,10:38:57
2.0,0.0,0,0,10:38:57
2.0,0.0,0,0,10:38:57
2.0,0.0,0,0,10:38:57
2.0,0.0,0,0,10:38:57
2.0,0.0,0,0,10:38:57
2.0,0.0,0,0,10:38:57
2.0,0.0,0,0,10:38:57
2.0,0.0,0,0,10:38:57
2.0,0.0,0,0,10:38:57
2.0,0.0,0,0,10:38:57
2.0,0.0,0,0,10:38:57
2.0,0.0,0,0,10:38:57
2.0,0.0,0,0,10:38:57
2.0,0.0,0,0,10:38:57
2.0,0.0,0,0,10:38:57
2.0,0.0,0,0,10:38:57
2.0,0.0,0,0,10:38:57
2.0,0.0,0,0,10:38:57
2.0,0.0,0,0,10:38:57
2.0,0.0,0,0,10:38:57
2.0,0.0,0,0,10:38:57
2.0,0.0,0,0,10:38:57
2.0,0.0,0,0,10:38:57
2.0,0.0,0,0,10:38:57
2.0,0.0,0,0,10:38:57
2.0,0.0,0,0,10:38:57
2.0,0.0,0,0,10:38:58
2.0,0.0,0,0,10:38:58
2.0,0.0,0,0,10:38:58
2.0,0.0,0,0,10:38:58
2.0,0.0,0,0,10:38:58
2.0,0.0,0,0,10:38:58
2.0,0.0,0,0,10:38:58
2.0,0.0,0,0,10:38:58
2.0,0.0,0,0,10:38:58
2.0,0.0,0,0,10:38:58
2.0,0.0,0,0,10:38:58
2.0,0.0,0,0,10:38:58
2.0,0.0,0,0,10:38:58
2.0,0.0,0,0,10:38:58
2.0,0.0,0,0,10:38:58
2.0,0.0,0,0,10:38:58
2.0,0.0,0,0,10:38:58
2.0,0.0,0,0,10:38:58
2.0,0.0,0,0,10:38:58
2.0,0.0,0,0,10:38:58
2.0,0.0,0,0,10:38:58
2.0,0.0,0,0,10:38:58
2.0,0.0,0,0,10:38:58
2.0,0.0,0,0,10:38:58
2.0,0.0,0,0,10:38:58
2.0,0.0,0,0,10:38:58
2.0,0.0,0,0,10:38:58
2.0,0.0,0,0,10:38:58
2.0,0.0,0,0,10:38:58
2.0,0.0,0,0,10:38:58
2.0,0.0,0,0,10:38:58
2.0,0.0,0,0,10:38:58
2.0,0.0,0,0,10:38:58
2.0,0.0,0,0,10:38:58
2.0,0.0,0,0,10:38:58
2.0,0.0,0,0,10:38:58
2.0,0.0,0,0,10:38:58
2.0,0.0,0,0,10:38:58
2.0,0.0,0,0,10:38:58
0.0,0.0,9999,0,10:38:58
0.0,0.0,0,0,10:38:58
0.0,0.0,0,0,10:38:58
0.0,0.0,0,0,10:38:58
0.0,0.0,0,0,10:38:58
0.0,0.0,0,0,10:38:58
0.0,0.0,0,0,10:38:58
0.0,0.0,0,0,10:38:58
0.0,0.0,0,0,10:38:58
0.0,0.0,0,0,10:38:58
0.0,0.0,0,0,10:38:58
0.0,0.0,0,0,10:38:58
0.0,0.0,0,0,10:38:58
0.0,0.0,0,0,10:38:58
0.0,0.0,0,0,10:38:58
0.0,0.0,0,0,10:38:58
0.0,0.0,0,0,10:38:58
0.0,0.0,0,0,10:38:58
0.0,0.0,0,0,10:38:58
0.0,0.0,0,0,10:38:58
0.0,0.0,0,0,10:38:58
0.0,0.0,0,0,10:38:58
0.0,0.0,0,0,10:38:58
0.0,0.0,0,0,10:38:59
0.0,0.0,0,0,10:38:59
0.0,0.0,0,0,10:38:59
0.0,0.0,0,0,10:38:59
0.0,0.0,0,0,10:38:59
0.0,0.0,0,0,10:38:59
0.0,0.0,0,0,10:38:59
0.0,0.0,0,0,10:38:59
0.0,0.0,0,0,10:38:59
0.0,0.0,0,0,10:38:59
0.0,0.0,0,0,10:38:59
0.0,0.0,0,0,10:38:59
0.0,0.0,0,0,10:38:59
0.0,0.0,0,0,10:38:59
0.0,0.0,0,0,10:38:59
0.0,0.0,0,0,10:38:59
0.0,0.0,0,0,10:38:59
0.0,0.0,0,0,10:38:59
0.0,0.0,0,0,10:38:59
0.0,0.0,0,0,10:38:59
0.0,0.0,0,0,10:38:59
0.0,0.0,0,0,10:38:59
0.0,0.0,0,0,10:38:59
0.0,0.0,0,0,10:38:59
0.0,0.0,0,0,10:38:59
0.0,0.0,0,0,10:38:59
0.0,0.0,0,0,10:38:59
0.0,0.0,0,0,10:38:59
0.0,0.0,0,0,10:38:59
0.0,0.0,0,0,10:38:59
0.0,0.0,0,0,10:38:59
0.0,0.0,0,0,10:38:59
0.0,0.0,0,0,10:38:59
0.0,0.0,0,0,10:38:59
0.0,0.0,0,0,10:38:59
0.0,0.0,0,0,10:38:59
0.0,0.0,0,0,10:38:59
0.0,0.0,0,0,10:38:59
0.0,0.0,0,0,10:38:59
0.0,0.0,0,0,10:38:59
0.0,0.0,0,0,10:38:59
0.0,0.0,0,0,10:38:59
0.0,0.0,0,0,10:38:59
0.0,0.0,0,0,10:38:59
0.0,0.0,0,0,10:38:59
0.0,0.0,0,0,10:38:59
0.0,0.0,0,0,10:38:59
0.0,0.0,0,0,10:38:59
0.0,0.0,0,0,10:38:59
0.0,0.0,0,0,10:38:59
0.0,0.0,0,0,10:38:59
0.0,0.0,0,0,10:38:59
0.0,0.0,0,0,10:38:59
0.0,0.0,0,0,10:38:59
0.0,0.0,0,0,10:38:59
0.0,0.0,0,0,10:38:59
0.0,0.0,0,0,10:38:59
0.0,0.0,0,0,10:38:59
0.0,0.0,0,0,10:38:59
0.0,0.0,0,0,10:38:59
0.0,0.0,0,0,10:38:59
0.0,0.0,0,0,10:38:59
0.0,0.0,0,0,10:38:59
0.0,0.0,0,0,10:39:00
0.0,0.0,0,0,10:39:00
0.0,0.0,0,0,10:39:00
0.0,0.0,0,0,10:39:00
0.0,0.0,0,0,10:39:00
0.0,0.0,0,0,10:39:00
0.0,0.0,0,0,10:39:00
0.0,0.0,0,0,10:39:00
0.0,0.0,0,0,10:39:00
0.0,0.0,0,0,10:39:00
0.0,0.0,0,0,10:39:00
0.0,0.0,0,0,10:39:00
0.0,0.0,0,0,10:39:00
0.0,0.0,0,0,10:39:00
0.0,0.0,0,0,10:39:00
0.0,0.0,0,0,10:39:00
0.0,0.0,0,0,10:39:00
0.0,0.0,0,0,10:39:00
0.0,0.0,0,0,10:39:00
0.0,0.0,0,0,10:39:00
0.0,0.0,0,0,10:39:00
0.0,0.0,0,0,10:39:00
0.0,0.0,0,0,10:39:00
0.0,0.0,0,0,10:39:00
0.0,0.0,0,0,10:39:00
0.0,0.0,0,0,10:39:00
2.0,0.0,9999,0,10:39:00
2.0,0.0,0,0,10:39:00
2.0,0.0,0,0,10:39:00
2.0,0.0,0,0,10:39:00
2.0,0.0,0,0,10:39:00
2.0,0.0,0,0,10:39:00
2.0,0.0,0,0,10:39:00
2.0,0.0,0,0,10:39:00
2.0,0.0,0,0,10:39:00
2.0,0.0,0,0,10:39:00
2.0,0.0,0,0,10:39:00
2.0,0.0,0,0,10:39:00
2.0,0.0,0,0,10:39:00
2.0,0.0,0,0,10:39:00
2.0,0.0,0,0,10:39:00
2.0,0.0,0,0,10:39:00
2.0,0.0,0,0,10:39:00
2.0,0.0,0,0,10:39:00
2.0,0.0,0,0,10:39:00
2.0,0.0,0,0,10:39:00
2.0,0.0,0,0,10:39:00
2.0,0.0,0,0,10:39:00
2.0,0.0,0,0,10:39:00
2.0,0.0,0,0,10:39:00
2.0,0.0,0,0,10:39:00
2.0,0.0,0,0,10:39:00
2.0,0.0,0,0,10:39:00
2.0,0.0,0,0,10:39:00
2.0,0.0,0,0,10:39:00
2.0,0.0,0,0,10:39:00
2.0,0.0,0,0,10:39:00
2.0,0.0,0,0,10:39:00
2.0,0.0,0,0,10:39:00
2.0,0.0,0,0,10:39:00
2.0,0.0,0,0,10:39:00
2.0,0.0,0,0,10:39:00
2.0,0.0,0,0,10:39:01
2.0,0.0,0,0,10:39:01
2.0,0.0,0,0,10:39:01
2.0,0.0,0,0,10:39:01
2.0,0.0,0,0,10:39:01
2.0,0.0,0,0,10:39:01
2.0,0.0,0,0,10:39:01
2.0,0.0,0,0,10:39:01
2.0,0.0,0,0,10:39:01
2.0,0.0,0,0,10:39:01
2.0,0.0,0,0,10:39:01
2.0,0.0,0,0,10:39:01
2.0,0.0,0,0,10:39:01
2.0,0.0,0,0,10:39:01
2.0,0.0,0,0,10:39:01
2.0,0.0,0,0,10:39:01
2.0,0.0,0,0,10:39:01
2.0,0.0,0,0,10:39:01
2.0,0.0,0,0,10:39:01
2.0,0.0,0,0,10:39:01
2.0,0.0,0,0,10:39:01
2.0,0.0,0,0,10:39:01
2.0,0.0,0,0,10:39:01
2.0,0.0,0,0,10:39:01
2.0,0.0,0,0,10:39:01
2.0,0.0,0,0,10:39:01
2.0,0.0,0,0,10:39:01
0.0,0.0,9999,0,10:39:01
0.0,0.0,0,0,10:39:01
0.0,0.0,0,0,10:39:01
0.0,0.0,0,0,10:39:01
0.0,0.0,0,0,10:39:01
0.0,0.0,0,0,10:39:01
0.0,0.0,0,0,10:39:01
0.0,0.0,0,0,10:39:01
0.0,0.0,0,0,10:39:01
0.0,0.0,0,0,10:39:01
0.0,0.0,0,0,10:39:01
0.0,0.0,0,0,10:39:01
0.0,0.0,0,0,10:39:01
0.0,0.0,0,0,10:39:01
0.0,0.0,0,0,10:39:01
0.0,0.0,0,0,10:39:01
0.0,0.0,0,0,10:39:01
0.0,0.0,0,0,10:39:01
0.0,0.0,0,0,10:39:01
0.0,0.0,0,0,10:39:01
0.0,0.0,0,0,10:39:01
0.0,0.0,0,0,10:39:01
0.0,0.0,0,0,10:39:01
0.0,0.0,0,0,10:39:01
0.0,0.0,0,0,10:39:01
0.0,0.0,0,0,10:39:01
0.0,0.0,0,0,10:39:01
0.0,0.0,0,0,10:39:01
0.0,0.0,0,0,10:39:01
0.0,0.0,0,0,10:39:01
0.0,0.0,0,0,10:39:01
0.0,0.0,0,0,10:39:01
0.0,0.0,0,0,10:39:01
0.0,0.0,0,0,10:39:01
0.0,0.0,0,0,10:39:01
0.0,0.0,0,0,10:39:01
0.0,0.0,0,0,10:39:02
0.0,0.0,0,0,10:39:02
0.0,0.0,0,0,10:39:02
0.0,0.0,0,0,10:39:02
0.0,0.0,0,0,10:39:02
0.0,0.0,0,0,10:39:02
0.0,0.0,0,0,10:39:02
0.0,0.0,0,0,10:39:02
0.0,0.0,0,0,10:39:02
0.0,0.0,0,0,10:39:02
0.0,0.0,0,0,10:39:02
0.0,0.0,0,0,10:39:02
0.0,0.0,0,0,10:39:02
0.0,0.0,0,0,10:39:02
0.0,0.0,0,0,10:39:02
0.0,0.0,0,0,10:39:02
0.0,0.0,0,0,10:39:02
0.0,0.0,0,0,10:39:02
0.0,0.0,0,0,10:39:02
0.0,0.0,0,0,10:39:02
0.0,0.0,0,0,10:39:02
0.0,0.0,0,0,10:39:02
0.0,0.0,0,0,10:39:02
0.0,0.0,0,0,10:39:02
0.0,0.0,0,0,10:39:02
0.0,0.0,0,0,10:39:02
0.0,0.0,0,0,10:39:02
0.0,0.0,0,0,10:39:02
0.0,0.0,0,0,10:39:02
0.0,0.0,0,0,10:39:02
0.0,0.0,0,0,10:39:02
0.0,0.0,0,0,10:39:02
0.0,0.0,0,0,10:39:02
0.0,0.0,0,0,10:39:02
0.0,0.0,0,0,10:39:02
0.0,0.0,0,0,10:39:02
0.0,0.0,0,0,10:39:02
0.0,0.0,0,0,10:39:02
0.0,0.0,0,0,10:39:02
0.0,0.0,0,0,10:39:02
0.0,0.0,0,0,10:39:02
0.0,0.0,0,0,10:39:02
0.0,0.0,0,0,10:39:02
0.0,0.0,0,0,10:39:02
0.0,0.0,0,0,10:39:02
0.0,0.0,0,0,10:39:02
0.0,0.0,0,0,10:39:02
0.0,0.0,0,0,10:39:02
0.0,0.0,0,0,10:39:02
0.0,0.0,0,0,10:39:02
0.0,0.0,0,0,10:39:02
0.0,0.0,0,0,10:39:02
0.0,0.0,0,0,10:39:02
0.0,0.0,0,0,10:39:02
0.0,-2.0,0,9999,10:39:02
0.0,-2.0,0,0,10:39:02
0.0,-2.0,0,0,10:39:02
0.0,-2.0,0,0,10:39:02
0.0,-2.0,0,0,10:39:02
0.0,-2.0,0,0,10:39:02
0.0,-2.0,0,0,10:39:02
0.0,-2.0,0,0,10:39:02
0.0,-2.0,0,0,10:39:03
0.0,-2.0,0,0,10:39:03
0.0,-2.0,0,0,10:39:03
0.0,-2.0,0,0,10:39:03
0.0,-2.0,0,0,10:39:03
0.0,-2.0,0,0,10:39:03
0.0,-2.0,0,0,10:39:03
0.0,-2.0,0,0,10:39:03
0.0,-2.0,0,0,10:39:03
0.0,-2.0,0,0,10:39:03
0.0,-2.0,0,0,10:39:03
0.0,-2.0,0,0,10:39:03
0.0,-2.0,0,0,10:39:03
0.0,-2.0,0,0,10:39:03
0.0,-2.0,0,0,10:39:03
0.0,-2.0,0,0,10:39:03
0.0,-2.0,0,0,10:39:03
0.0,-2.0,0,0,10:39:03
0.0,-2.0,0,0,10:39:03
0.0,-2.0,0,0,10:39:03
0.0,-2.0,0,0,10:39:03
0.0,-2.0,0,0,10:39:03
0.0,-2.0,0,0,10:39:03
0.0,-2.0,0,0,10:39:03
0.0,-2.0,0,0,10:39:03
0.0,-2.0,0,0,10:39:03
0.0,-2.0,0,0,10:39:03
0.0,-2.0,0,0,10:39:03
0.0,-2.0,0,0,10:39:03
0.0,-2.0,0,0,10:39:03
0.0,-2.0,0,0,10:39:03
0.0,-2.0,0,0,10:39:03
0.0,-2.0,0,0,10:39:03
0.0,-2.0,0,0,10:39:03
0.0,-2.0,0,0,10:39:03
0.0,-2.0,0,0,10:39:03
0.0,-2.0,0,0,10:39:03
0.0,-2.0,0,0,10:39:03
0.0,-2.0,0,0,10:39:03
0.0,-2.0,0,0,10:39:03
0.0,-2.0,0,0,10:39:03
0.0,-2.0,0,0,10:39:03
0.0,-2.0,0,0,10:39:03
0.0,-2.0,0,0,10:39:03
0.0,-2.0,0,0,10:39:03
0.0,-2.0,0,0,10:39:03
0.0,-2.0,0,0,10:39:03
0.0,-2.0,0,0,10:39:03
0.0,-2.0,0,0,10:39:03
0.0,-2.0,0,0,10:39:03
0.0,-2.0,0,0,10:39:03
0.0,-2.0,0,0,10:39:03
0.0,-2.0,0,0,10:39:03
0.0,-2.0,0,0,10:39:03
0.0,-2.0,0,0,10:39:03
0.0,0.0,0,9999,10:39:03
0.0,0.0,0,0,10:39:03
0.0,0.0,0,0,10:39:03
0.0,0.0,0,0,10:39:03
0.0,0.0,0,0,10:39:03
0.0,0.0,0,0,10:39:03
0.0,0.0,0,0,10:39:03
0.0,0.0,0,0,10:39:03
0.0,0.0,0,0,10:39:04
0.0,0.0,0,0,10:39:04
0.0,0.0,0,0,10:39:04
0.0,0.0,0,0,10:39:04
0.0,0.0,0,0,10:39:04
0.0,0.0,0,0,10:39:04
0.0,0.0,0,0,10:39:04
0.0,0.0,0,0,10:39:04
0.0,0.0,0,0,10:39:04
0.0,0.0,0,0,10:39:04
0.0,0.0,0,0,10:39:04
0.0,0.0,0,0,10:39:04
0.0,0.0,0,0,10:39:04
0.0,0.0,0,0,10:39:04
0.0,0.0,0,0,10:39:04
0.0,0.0,0,0,10:39:04
0.0,0.0,0,0,10:39:04
0.0,0.0,0,0,10:39:04
0.0,0.0,0,0,10:39:04
0.0,0.0,0,0,10:39:04
0.0,0.0,0,0,10:39:04
0.0,0.0,0,0,10:39:04
2.0,0.0,9999,0,10:39:04
2.0,0.0,0,0,10:39:04
2.0,0.0,0,0,10:39:04
2.0,0.0,0,0,10:39:04
2.0,0.0,0,0,10:39:04
2.0,0.0,0,0,10:39:04
2.0,0.0,0,0,10:39:04
2.0,0.0,0,0,10:39:04
2.0,0.0,0,0,10:39:04
2.0,0.0,0,0,10:39:04
2.0,0.0,0,0,10:39:04
2.0,0.0,0,0,10:39:04
2.0,0.0,0,0,10:39:04
2.0,0.0,0,0,10:39:04
2.0,0.0,0,0,10:39:04
2.0,0.0,0,0,10:39:04
2.0,0.0,0,0,10:39:04
2.0,0.0,0,0,10:39:04
2.0,0.0,0,0,10:39:04
2.0,0.0,0,0,10:39:04
2.0,0.0,0,0,10:39:04
2.0,0.0,0,0,10:39:04
2.0,0.0,0,0,10:39:04
2.0,0.0,0,0,10:39:04
2.0,0.0,0,0,10:39:04
2.0,0.0,0,0,10:39:04
2.0,0.0,0,0,10:39:04
2.0,0.0,0,0,10:39:04
2.0,0.0,0,0,10:39:04
2.0,0.0,0,0,10:39:04
2.0,0.0,0,0,10:39:04
2.0,0.0,0,0,10:39:04
2.0,0.0,0,0,10:39:04
2.0,0.0,0,0,10:39:04
2.0,0.0,0,0,10:39:04
2.0,0.0,0,0,10:39:04
2.0,0.0,0,0,10:39:04
2.0,0.0,0,0,10:39:04
2.0,0.0,0,0,10:39:04
2.0,0.0,0,0,10:39:04
2.0,0.0,0,0,10:39:05
2.0,0.0,0,0,10:39:05
2.0,0.0,0,0,10:39:05
2.0,0.0,0,0,10:39:05
2.0,0.0,0,0,10:39:05
2.0,0.0,0,0,10:39:05
2.0,0.0,0,0,10:39:05
2.0,0.0,0,0,10:39:05
2.0,0.0,0,0,10:39:05
2.0,0.0,0,0,10:39:05
2.0,0.0,0,0,10:39:05
2.0,0.0,0,0,10:39:05
2.0,0.0,0,0,10:39:05
2.0,0.0,0,0,10:39:05
2.0,0.0,0,0,10:39:05
2.0,0.0,0,0,10:39:05
2.0,0.0,0,0,10:39:05
2.0,0.0,0,0,10:39:05
2.0,0.0,0,0,10:39:05
2.0,0.0,0,0,10:39:05
2.0,0.0,0,0,10:39:05
2.0,0.0,0,0,10:39:05
2.0,0.0,0,0,10:39:05
0.0,0.0,9999,0,10:39:05
0.0,0.0,0,0,10:39:05
0.0,0.0,0,0,10:39:05
0.0,0.0,0,0,10:39:05
0.0,0.0,0,0,10:39:05
0.0,0.0,0,0,10:39:05
0.0,0.0,0,0,10:39:05
0.0,0.0,0,0,10:39:05
0.0,0.0,0,0,10:39:05
0.0,0.0,0,0,10:39:05
0.0,0.0,0,0,10:39:05
0.0,0.0,0,0,10:39:05
0.0,0.0,0,0,10:39:05
0.0,0.0,0,0,10:39:05
0.0,0.0,0,0,10:39:05
0.0,0.0,0,0,10:39:05
0.0,0.0,0,0,10:39:05
0.0,0.0,0,0,10:39:05
0.0,0.0,0,0,10:39:05
0.0,0.0,0,0,10:39:05
0.0,0.0,0,0,10:39:05
0.0,0.0,0,0,10:39:05
0.0,0.0,0,0,10:39:05
0.0,0.0,0,0,10:39:05
0.0,0.0,0,0,10:39:05
0.0,0.0,0,0,10:39:05
0.0,0.0,0,0,10:39:05
0.0,0.0,0,0,10:39:05
0.0,0.0,0,0,10:39:05
0.0,0.0,0,0,10:39:05
0.0,0.0,0,0,10:39:05
0.0,2.0,0,9999,10:39:05
0.0,2.0,0,0,10:39:05
0.0,2.0,0,0,10:39:05
0.0,2.0,0,0,10:39:05
0.0,2.0,0,0,10:39:05
0.0,2.0,0,0,10:39:05
0.0,2.0,0,0,10:39:05
0.0,2.0,0,0,10:39:05
0.0,2.0,0,0,10:39:05
0.0,2.0,0,0,10:39:06
0.0,2.0,0,0,10:39:06
0.0,2.0,0,0,10:39:06
0.0,2.0,0,0,10:39:06
0.0,2.0,0,0,10:39:06
0.0,2.0,0,0,10:39:06
0.0,2.0,0,0,10:39:06
0.0,2.0,0,0,10:39:06
0.0,2.0,0,0,10:39:06
0.0,2.0,0,0,10:39:06
0.0,2.0,0,0,10:39:06
0.0,2.0,0,0,10:39:06
0.0,2.0,0,0,10:39:06
0.0,2.0,0,0,10:39:06
0.0,2.0,0,0,10:39:06
0.0,2.0,0,0,10:39:06
0.0,2.0,0,0,10:39:06
0.0,2.0,0,0,10:39:06
0.0,2.0,0,0,10:39:06
0.0,2.0,0,0,10:39:06
0.0,2.0,0,0,10:39:06
0.0,2.0,0,0,10:39:06
0.0,2.0,0,0,10:39:06
0.0,2.0,0,0,10:39:06
0.0,2.0,0,0,10:39:06
0.0,2.0,0,0,10:39:06
0.0,2.0,0,0,10:39:06
0.0,2.0,0,0,10:39:06
0.0,2.0,0,0,10:39:06
0.0,2.0,0,0,10:39:06
0.0,2.0,0,0,10:39:06
0.0,2.0,0,0,10:39:06
0.0,2.0,0,0,10:39:06
0.0,2.0,0,0,10:39:06
0.0,2.0,0,0,10:39:06
0.0,2.0,0,0,10:39:06
0.0,2.0,0,0,10:39:06
0.0,2.0,0,0,10:39:06
0.0,2.0,0,0,10:39:06
0.0,2.0,0,0,10:39:06
0.0,2.0,0,0,10:39:06
0.0,2.0,0,0,10:39:06
0.0,2.0,0,0,10:39:06
0.0,2.0,0,0,10:39:06
0.0,2.0,0,0,10:39:06
0.0,2.0,0,0,10:39:06
0.0,2.0,0,0,10:39:06
0.0,2.0,0,0,10:39:06
0.0,2.0,0,0,10:39:06
0.0,2.0,0,0,10:39:06
0.0,2.0,0,0,10:39:06
0.0,2.0,0,0,10:39:06
0.0,2.0,0,0,10:39:06
0.0,2.0,0,0,10:39:06
0.0,0.0,0,9999,10:39:06
0.0,0.0,0,0,10:39:06
0.0,0.0,0,0,10:39:06
0.0,0.0,0,0,10:39:06
0.0,0.0,0,0,10:39:06
0.0,0.0,0,0,10:39:06
0.0,0.0,0,0,10:39:06
0.0,0.0,0,0,10:39:06
0.0,0.0,0,0,10:39:07
0.0,0.0,0,0,10:39:07
0.0,0.0,0,0,10:39:07
0.0,0.0,0,0,10:39:07
0.0,0.0,0,0,10:39:07
0.0,0.0,0,0,10:39:07
0.0,0.0,0,0,10:39:07
0.0,0.0,0,0,10:39:07
0.0,0.0,0,0,10:39:07
0.0,0.0,0,0,10:39:07
0.0,0.0,0,0,10:39:07
0.0,0.0,0,0,10:39:07
0.0,0.0,0,0,10:39:07
0.0,0.0,0,0,10:39:07
0.0,0.0,0,0,10:39:07
0.0,0.0,0,0,10:39:07
0.0,0.0,0,0,10:39:07
0.0,0.0,0,0,10:39:07
0.0,0.0,0,0,10:39:07
0.0,0.0,0,0,10:39:07
0.0,0.0,0,0,10:39:07
0.0,0.0,0,0,10:39:07
0.0,0.0,0,0,10:39:07
0.0,0.0,0,0,10:39:07
0.0,0.0,0,0,10:39:07
0.0,0.0,0,0,10:39:07
0.0,0.0,0,0,10:39:07
0.0,0.0,0,0,10:39:07
0.0,0.0,0,0,10:39:07
0.0,0.0,0,0,10:39:07
0.0,0.0,0,0,10:39:07
0.0,0.0,0,0,10:39:07
0.0,0.0,0,0,10:39:07
0.0,0.0,0,0,10:39:07
0.0,0.0,0,0,10:39:07
0.0,0.0,0,0,10:39:07
0.0,0.0,0,0,10:39:07
0.0,0.0,0,0,10:39:07
0.0,0.0,0,0,10:39:07
0.0,0.0,0,0,10:39:07
0.0,0.0,0,0,10:39:07
0.0,0.0,0,0,10:39:07
0.0,0.0,0,0,10:39:07
0.0,0.0,0,0,10:39:07
0.0,0.0,0,0,10:39:07
0.0,0.0,0,0,10:39:07
0.0,0.0,0,0,10:39:07
0.0,0.0,0,0,10:39:07
0.0,0.0,0,0,10:39:07
0.0,0.0,0,0,10:39:07
0.0,0.0,0,0,10:39:07
0.0,0.0,0,0,10:39:07
0.0,0.0,0,0,10:39:07
0.0,0.0,0,0,10:39:07
0.0,0.0,0,0,10:39:07
0.0,0.0,0,0,10:39:07
0.0,0.0,0,0,10:39:07
0.0,0.0,0,0,10:39:07
0.0,0.0,0,0,10:39:07
0.0,0.0,0,0,10:39:07
0.0,0.0,0,0,10:39:07
0.0,0.0,0,0,10:39:07
0.0,0.0,0,0,10:39:07
0.0,0.0,0,0,10:39:08
0.0,0.0,0,0,10:39:08
0.0,0.0,0,0,10:39:08
0.0,0.0,0,0,10:39:08
0.0,0.0,0,0,10:39:08
0.0,0.0,0,0,10:39:08
0.0,0.0,0,0,10:39:08
0.0,0.0,0,0,10:39:08
0.0,0.0,0,0,10:39:08
0.0,0.0,0,0,10:39:08
0.0,0.0,0,0,10:39:08
0.0,0.0,0,0,10:39:08
0.0,0.0,0,0,10:39:08
0.0,0.0,0,0,10:39:08
0.0,0.0,0,0,10:39:08
0.0,0.0,0,0,10:39:08
0.0,0.0,0,0,10:39:08
0.0,0.0,0,0,10:39:08
0.0,0.0,0,0,10:39:08
0.0,0.0,0,0,10:39:08
0.0,0.0,0,0,10:39:08
0.0,0.0,0,0,10:39:08
0.0,0.0,0,0,10:39:08
0.0,0.0,0,0,10:39:08
0.0,0.0,0,0,10:39:08
0.0,0.0,0,0,10:39:08
0.0,0.0,0,0,10:39:08
0.0,0.0,0,0,10:39:08
0.0,0.0,0,0,10:39:08
0.0,0.0,0,0,10:39:08
0.0,0.0,0,0,10:39:08
0.0,0.0,0,0,10:39:08
0.0,0.0,0,0,10:39:08
0.0,0.0,0,0,10:39:08
0.0,0.0,0,0,10:39:08
0.0,0.0,0,0,10:39:08
0.0,0.0,0,0,10:39:08
0.0,0.0,0,0,10:39:08
0.0,0.0,0,0,10:39:08
0.0,0.0,0,0,10:39:08
0.0,0.0,0,0,10:39:08
0.0,0.0,0,0,10:39:08
0.0,0.0,0,0,10:39:08
0.0,0.0,0,0,10:39:08
0.0,0.0,0,0,10:39:08
0.0,0.0,0,0,10:39:08
0.0,0.0,0,0,10:39:08
0.0,0.0,0,0,10:39:08
0.0,0.0,0,0,10:39:08
0.0,0.0,0,0,10:39:08
0.0,0.0,0,0,10:39:08
0.0,0.0,0,0,10:39:08
0.0,0.0,0,0,10:39:08
0.0,0.0,0,0,10:39:08
0.0,0.0,0,0,10:39:08
0.0,0.0,0,0,10:39:08
0.0,0.0,0,0,10:39:08
0.0,0.0,0,0,10:39:08
0.0,0.0,0,0,10:39:08
0.0,0.0,0,0,10:39:08
0.0,0.0,0,0,10:39:08
0.0,0.0,0,0,10:39:08
0.0,0.0,0,0,10:39:09
0.0,0.0,0,0,10:39:09
0.0,0.0,0,0,10:39:09
0.0,0.0,0,0,10:39:09
0.0,0.0,0,0,10:39:09
0.0,0.0,0,0,10:39:09
0.0,0.0,0,0,10:39:09
0.0,0.0,0,0,10:39:09
0.0,0.0,0,0,10:39:09
0.0,0.0,0,0,10:39:09
0.0,0.0,0,0,10:39:09
0.0,0.0,0,0,10:39:09
0.0,0.0,0,0,10:39:09
0.0,0.0,0,0,10:39:09
0.0,0.0,0,0,10:39:09
0.0,0.0,0,0,10:39:09
0.0,0.0,0,0,10:39:09
0.0,0.0,0,0,10:39:09
0.0,0.0,0,0,10:39:09
0.0,0.0,0,0,10:39:09
0.0,0.0,0,0,10:39:09
0.0,0.0,0,0,10:39:09
0.0,0.0,0,0,10:39:09
0.0,0.0,0,0,10:39:09
0.0,0.0,0,0,10:39:09
0.0,0.0,0,0,10:39:09
0.0,0.0,0,0,10:39:09
0.0,0.0,0,0,10:39:09
0.0,0.0,0,0,10:39:09
0.0,0.0,0,0,10:39:09
0.0,0.0,0,0,10:39:09
0.0,0.0,0,0,10:39:09
0.0,0.0,0,0,10:39:09
0.0,0.0,0,0,10:39:09
0.0,0.0,0,0,10:39:09
0.0,0.0,0,0,10:39:09
0.0,0.0,0,0,10:39:09
0.0,0.0,0,0,10:39:09
0.0,0.0,0,0,10:39:09
0.0,0.0,0,0,10:39:09
0.0,0.0,0,0,10:39:09
0.0,0.0,0,0,10:39:09
0.0,0.0,0,0,10:39:09
0.0,0.0,0,0,10:39:09
0.0,0.0,0,0,10:39:09
0.0,0.0,0,0,10:39:09
0.0,0.0,0,0,10:39:09
0.0,0.0,0,0,10:39:09
0.0,0.0,0,0,10:39:09
0.0,0.0,0,0,10:39:09
0.0,0.0,0,0,10:39:09
0.0,0.0,0,0,10:39:09
0.0,0.0,0,0,10:39:09
0.0,0.0,0,0,10:39:09
0.0,0.0,0,0,10:39:09
0.0,0.0,0,0,10:39:09
0.0,0.0,0,0,10:39:09
0.0,0.0,0,0,10:39:09
0.0,0.0,0,0,10:39:09
0.0,0.0,0,0,10:39:09
0.0,0.0,0,0,10:39:09
0.0,0.0,0,0,10:39:09
0.0,0.0,0,0,10:39:09
0.0,0.0,0,0,10:39:10
0.0,0.0,0,0,10:39:10
0.0,0.0,0,0,10:39:10
0.0,0.0,0,0,10:39:10
0.0,0.0,0,0,10:39:10
0.0,0.0,0,0,10:39:10
0.0,0.0,0,0,10:39:10
0.0,0.0,0,0,10:39:10
0.0,0.0,0,0,10:39:10
0.0,0.0,0,0,10:39:10
0.0,0.0,0,0,10:39:10
0.0,0.0,0,0,10:39:10
0.0,0.0,0,0,10:39:10
0.0,0.0,0,0,10:39:10
0.0,0.0,0,0,10:39:10
0.0,0.0,0,0,10:39:10
0.0,0.0,0,0,10:39:10
0.0,0.0,0,0,10:39:10
0.0,0.0,0,0,10:39:10
0.0,0.0,0,0,10:39:10
0.0,0.0,0,0,10:39:10
0.0,0.0,0,0,10:39:10
0.0,0.0,0,0,10:39:10
0.0,0.0,0,0,10:39:10
0.0,0.0,0,0,10:39:10
0.0,0.0,0,0,10:39:10
0.0,0.0,0,0,10:39:10
0.0,0.0,0,0,10:39:10
0.0,0.0,0,0,10:39:10
0.0,0.0,0,0,10:39:10
0.0,0.0,0,0,10:39:10
0.0,0.0,0,0,10:39:10
0.0,0.0,0,0,10:39:10
0.0,0.0,0,0,10:39:10
0.0,0.0,0,0,10:39:10
0.0,0.0,0,0,10:39:10
0.0,0.0,0,0,10:39:10
0.0,0.0,0,0,10:39:10
0.0,0.0,0,0,10:39:10
0.0,0.0,0,0,10:39:10
0.0,0.0,0,0,10:39:10
0.0,0.0,0,0,10:39:10
0.0,0.0,0,0,10:39:10
0.0,0.0,0,0,10:39:10
0.0,0.0,0,0,10:39:10
0.0,0.0,0,0,10:39:10
0.0,0.0,0,0,10:39:10
0.0,0.0,0,0,10:39:10
0.0,0.0,0,0,10:39:10
0.0,0.0,0,0,10:39:10
0.0,0.0,0,0,10:39:10
0.0,0.0,0,0,10:39:10
0.0,0.0,0,0,10:39:10
0.0,0.0,0,0,10:39:10
0.0,0.0,0,0,10:39:10
0.0,0.0,0,0,10:39:10
0.0,0.0,0,0,10:39:10
0.0,0.0,0,0,10:39:10
0.0,0.0,0,0,10:39:10
0.0,0.0,0,0,10:39:10
0.0,0.0,0,0,10:39:10
0.0,0.0,0,0,10:39:10
0.0,0.0,0,0,10:39:11
0.0,0.0,0,0,10:39:11
0.0,0.0,0,0,10:39:11
0.0,0.0,0,0,10:39:11
0.0,0.0,0,0,10:39:11
0.0,0.0,0,0,10:39:11
0.0,0.0,0,0,10:39:11
0.0,0.0,0,0,10:39:11
0.0,0.0,0,0,10:39:11
0.0,0.0,0,0,10:39:11
0.0,0.0,0,0,10:39:11
0.0,0.0,0,0,10:39:11
0.0,0.0,0,0,10:39:11
0.0,0.0,0,0,10:39:11
0.0,0.0,0,0,10:39:11
0.0,0.0,0,0,10:39:11
0.0,0.0,0,0,10:39:11
0.0,0.0,0,0,10:39:11
0.0,0.0,0,0,10:39:11
0.0,0.0,0,0,10:39:11
0.0,0.0,0,0,10:39:11
0.0,0.0,0,0,10:39:11
0.0,0.0,0,0,10:39:11
0.0,0.0,0,0,10:39:11
0.0,0.0,0,0,10:39:11
0.0,0.0,0,0,10:39:11
0.0,0.0,0,0,10:39:11
0.0,0.0,0,0,10:39:11
0.0,0.0,0,0,10:39:11
0.0,0.0,0,0,10:39:11
0.0,0.0,0,0,10:39:11
0.0,0.0,0,0,10:39:11
0.0,0.0,0,0,10:39:11
